model,n_params,d_model,layer,task,pca_dims,lambda,centroid_margin
Llama-3.1-8B,8.0,4096,0,age_bin,4096,1.0,-0.035984
Llama-3.1-8B,8.0,4096,0,age_bin,32,1.0,-0.046653
Llama-3.1-8B,8.0,4096,0,age_bin,64,1.0,-0.04526
Llama-3.1-8B,8.0,4096,0,age_bin,128,1.0,-0.044123
Llama-3.1-8B,8.0,4096,0,age_bin,256,1.0,-0.043123
Llama-3.1-8B,8.0,4096,0,age_bin,512,1.0,-0.042173
Llama-3.1-8B,8.0,4096,0,gender,4096,1.0,0.011614
Llama-3.1-8B,8.0,4096,0,gender,32,1.0,0.002484
Llama-3.1-8B,8.0,4096,0,gender,64,1.0,0.003437
Llama-3.1-8B,8.0,4096,0,gender,128,1.0,0.004689
Llama-3.1-8B,8.0,4096,0,gender,256,1.0,0.005374
Llama-3.1-8B,8.0,4096,0,gender,512,1.0,0.005984
Llama-3.1-8B,8.0,4096,12,age_bin,4096,1.0,0.156807
Llama-3.1-8B,8.0,4096,12,age_bin,32,1.0,-0.008901
Llama-3.1-8B,8.0,4096,12,age_bin,64,1.0,0.008837
Llama-3.1-8B,8.0,4096,12,age_bin,128,1.0,0.025548
Llama-3.1-8B,8.0,4096,12,age_bin,256,1.0,0.043147
Llama-3.1-8B,8.0,4096,12,age_bin,512,1.0,0.059034
Llama-3.1-8B,8.0,4096,12,gender,4096,1.0,0.192139
Llama-3.1-8B,8.0,4096,12,gender,32,1.0,0.02568
Llama-3.1-8B,8.0,4096,12,gender,64,1.0,0.035601
Llama-3.1-8B,8.0,4096,12,gender,128,1.0,0.052775
Llama-3.1-8B,8.0,4096,12,gender,256,1.0,0.082587
Llama-3.1-8B,8.0,4096,12,gender,512,1.0,0.107539
Llama-3.1-8B,8.0,4096,16,age_bin,4096,1.0,0.188746
Llama-3.1-8B,8.0,4096,16,age_bin,32,1.0,0.003181
Llama-3.1-8B,8.0,4096,16,age_bin,64,1.0,0.021116
Llama-3.1-8B,8.0,4096,16,age_bin,128,1.0,0.041508
Llama-3.1-8B,8.0,4096,16,age_bin,256,1.0,0.062461
Llama-3.1-8B,8.0,4096,16,age_bin,512,1.0,0.076871
Llama-3.1-8B,8.0,4096,16,gender,4096,1.0,0.221608
Llama-3.1-8B,8.0,4096,16,gender,32,1.0,0.031671
Llama-3.1-8B,8.0,4096,16,gender,64,1.0,0.04819
Llama-3.1-8B,8.0,4096,16,gender,128,1.0,0.076788
Llama-3.1-8B,8.0,4096,16,gender,256,1.0,0.107998
Llama-3.1-8B,8.0,4096,16,gender,512,1.0,0.123295
Llama-3.1-8B,8.0,4096,20,age_bin,4096,1.0,0.21367
Llama-3.1-8B,8.0,4096,20,age_bin,32,1.0,0.009929
Llama-3.1-8B,8.0,4096,20,age_bin,64,1.0,0.034878
Llama-3.1-8B,8.0,4096,20,age_bin,128,1.0,0.054685
Llama-3.1-8B,8.0,4096,20,age_bin,256,1.0,0.07435
Llama-3.1-8B,8.0,4096,20,age_bin,512,1.0,0.087458
Llama-3.1-8B,8.0,4096,20,gender,4096,1.0,0.245214
Llama-3.1-8B,8.0,4096,20,gender,32,1.0,0.038496
Llama-3.1-8B,8.0,4096,20,gender,64,1.0,0.059729
Llama-3.1-8B,8.0,4096,20,gender,128,1.0,0.087255
Llama-3.1-8B,8.0,4096,20,gender,256,1.0,0.119616
Llama-3.1-8B,8.0,4096,20,gender,512,1.0,0.134461
Llama-3.1-8B,8.0,4096,24,age_bin,4096,1.0,0.211215
Llama-3.1-8B,8.0,4096,24,age_bin,32,1.0,0.01237
Llama-3.1-8B,8.0,4096,24,age_bin,64,1.0,0.039263
Llama-3.1-8B,8.0,4096,24,age_bin,128,1.0,0.05888
Llama-3.1-8B,8.0,4096,24,age_bin,256,1.0,0.075545
Llama-3.1-8B,8.0,4096,24,age_bin,512,1.0,0.085132
Llama-3.1-8B,8.0,4096,24,gender,4096,1.0,0.238271
Llama-3.1-8B,8.0,4096,24,gender,32,1.0,0.046821
Llama-3.1-8B,8.0,4096,24,gender,64,1.0,0.068257
Llama-3.1-8B,8.0,4096,24,gender,128,1.0,0.090147
Llama-3.1-8B,8.0,4096,24,gender,256,1.0,0.113442
Llama-3.1-8B,8.0,4096,24,gender,512,1.0,0.126809
Llama-3.1-8B,8.0,4096,28,age_bin,4096,1.0,0.221076
Llama-3.1-8B,8.0,4096,28,age_bin,32,1.0,0.017635
Llama-3.1-8B,8.0,4096,28,age_bin,64,1.0,0.048621
Llama-3.1-8B,8.0,4096,28,age_bin,128,1.0,0.066963
Llama-3.1-8B,8.0,4096,28,age_bin,256,1.0,0.080294
Llama-3.1-8B,8.0,4096,28,age_bin,512,1.0,0.090462
Llama-3.1-8B,8.0,4096,28,gender,4096,1.0,0.2412
Llama-3.1-8B,8.0,4096,28,gender,32,1.0,0.053021
Llama-3.1-8B,8.0,4096,28,gender,64,1.0,0.076644
Llama-3.1-8B,8.0,4096,28,gender,128,1.0,0.098176
Llama-3.1-8B,8.0,4096,28,gender,256,1.0,0.115373
Llama-3.1-8B,8.0,4096,28,gender,512,1.0,0.129322
Llama-3.1-8B,8.0,4096,32,age_bin,4096,1.0,0.208286
Llama-3.1-8B,8.0,4096,32,age_bin,32,1.0,0.003882
Llama-3.1-8B,8.0,4096,32,age_bin,64,1.0,0.026124
Llama-3.1-8B,8.0,4096,32,age_bin,128,1.0,0.054025
Llama-3.1-8B,8.0,4096,32,age_bin,256,1.0,0.071954
Llama-3.1-8B,8.0,4096,32,age_bin,512,1.0,0.087838
Llama-3.1-8B,8.0,4096,32,gender,4096,1.0,0.232965
Llama-3.1-8B,8.0,4096,32,gender,32,1.0,0.054192
Llama-3.1-8B,8.0,4096,32,gender,64,1.0,0.069407
Llama-3.1-8B,8.0,4096,32,gender,128,1.0,0.089675
Llama-3.1-8B,8.0,4096,32,gender,256,1.0,0.105351
Llama-3.1-8B,8.0,4096,32,gender,512,1.0,0.121286
Llama-3.1-8B,8.0,4096,4,age_bin,4096,1.0,0.073383
Llama-3.1-8B,8.0,4096,4,age_bin,32,1.0,-0.030379
Llama-3.1-8B,8.0,4096,4,age_bin,64,1.0,-0.0192
Llama-3.1-8B,8.0,4096,4,age_bin,128,1.0,-0.010224
Llama-3.1-8B,8.0,4096,4,age_bin,256,1.0,-0.000415
Llama-3.1-8B,8.0,4096,4,age_bin,512,1.0,0.011133
Llama-3.1-8B,8.0,4096,4,gender,4096,1.0,0.118431
Llama-3.1-8B,8.0,4096,4,gender,32,1.0,0.016683
Llama-3.1-8B,8.0,4096,4,gender,64,1.0,0.027031
Llama-3.1-8B,8.0,4096,4,gender,128,1.0,0.034846
Llama-3.1-8B,8.0,4096,4,gender,256,1.0,0.045257
Llama-3.1-8B,8.0,4096,4,gender,512,1.0,0.060503
Llama-3.1-8B,8.0,4096,8,age_bin,4096,1.0,0.099891
Llama-3.1-8B,8.0,4096,8,age_bin,32,1.0,-0.024207
Llama-3.1-8B,8.0,4096,8,age_bin,64,1.0,-0.010894
Llama-3.1-8B,8.0,4096,8,age_bin,128,1.0,0.000395
Llama-3.1-8B,8.0,4096,8,age_bin,256,1.0,0.014084
Llama-3.1-8B,8.0,4096,8,age_bin,512,1.0,0.025905
Llama-3.1-8B,8.0,4096,8,gender,4096,1.0,0.129401
Llama-3.1-8B,8.0,4096,8,gender,32,1.0,0.026048
Llama-3.1-8B,8.0,4096,8,gender,64,1.0,0.033447
Llama-3.1-8B,8.0,4096,8,gender,128,1.0,0.043122
Llama-3.1-8B,8.0,4096,8,gender,256,1.0,0.054805
Llama-3.1-8B,8.0,4096,8,gender,512,1.0,0.067927
Llama-3.2-1B,1.2,2048,0,age_bin,2048,1.0,-0.037795
Llama-3.2-1B,1.2,2048,0,age_bin,32,1.0,-0.047652
Llama-3.2-1B,1.2,2048,0,age_bin,64,1.0,-0.045967
Llama-3.2-1B,1.2,2048,0,age_bin,128,1.0,-0.044942
Llama-3.2-1B,1.2,2048,0,age_bin,256,1.0,-0.043587
Llama-3.2-1B,1.2,2048,0,age_bin,512,1.0,-0.042392
Llama-3.2-1B,1.2,2048,0,gender,2048,1.0,0.010072
Llama-3.2-1B,1.2,2048,0,gender,32,1.0,0.002285
Llama-3.2-1B,1.2,2048,0,gender,64,1.0,0.00328
Llama-3.2-1B,1.2,2048,0,gender,128,1.0,0.004197
Llama-3.2-1B,1.2,2048,0,gender,256,1.0,0.005179
Llama-3.2-1B,1.2,2048,0,gender,512,1.0,0.005973
Llama-3.2-1B,1.2,2048,12,age_bin,2048,1.0,0.1032
Llama-3.2-1B,1.2,2048,12,age_bin,32,1.0,-0.012019
Llama-3.2-1B,1.2,2048,12,age_bin,64,1.0,0.001588
Llama-3.2-1B,1.2,2048,12,age_bin,128,1.0,0.014846
Llama-3.2-1B,1.2,2048,12,age_bin,256,1.0,0.030867
Llama-3.2-1B,1.2,2048,12,age_bin,512,1.0,0.042783
Llama-3.2-1B,1.2,2048,12,gender,2048,1.0,0.140582
Llama-3.2-1B,1.2,2048,12,gender,32,1.0,0.031379
Llama-3.2-1B,1.2,2048,12,gender,64,1.0,0.043377
Llama-3.2-1B,1.2,2048,12,gender,128,1.0,0.055098
Llama-3.2-1B,1.2,2048,12,gender,256,1.0,0.072446
Llama-3.2-1B,1.2,2048,12,gender,512,1.0,0.086237
Llama-3.2-1B,1.2,2048,16,age_bin,2048,1.0,0.126807
Llama-3.2-1B,1.2,2048,16,age_bin,32,1.0,-3.6e-05
Llama-3.2-1B,1.2,2048,16,age_bin,64,1.0,0.018744
Llama-3.2-1B,1.2,2048,16,age_bin,128,1.0,0.034763
Llama-3.2-1B,1.2,2048,16,age_bin,256,1.0,0.044663
Llama-3.2-1B,1.2,2048,16,age_bin,512,1.0,0.052817
Llama-3.2-1B,1.2,2048,16,gender,2048,1.0,0.164506
Llama-3.2-1B,1.2,2048,16,gender,32,1.0,0.050695
Llama-3.2-1B,1.2,2048,16,gender,64,1.0,0.067267
Llama-3.2-1B,1.2,2048,16,gender,128,1.0,0.077977
Llama-3.2-1B,1.2,2048,16,gender,256,1.0,0.086858
Llama-3.2-1B,1.2,2048,16,gender,512,1.0,0.093464
Llama-3.2-1B,1.2,2048,4,age_bin,2048,1.0,0.040074
Llama-3.2-1B,1.2,2048,4,age_bin,32,1.0,-0.034235
Llama-3.2-1B,1.2,2048,4,age_bin,64,1.0,-0.025401
Llama-3.2-1B,1.2,2048,4,age_bin,128,1.0,-0.016279
Llama-3.2-1B,1.2,2048,4,age_bin,256,1.0,-0.005939
Llama-3.2-1B,1.2,2048,4,age_bin,512,1.0,0.004447
Llama-3.2-1B,1.2,2048,4,gender,2048,1.0,0.087463
Llama-3.2-1B,1.2,2048,4,gender,32,1.0,0.015618
Llama-3.2-1B,1.2,2048,4,gender,64,1.0,0.024738
Llama-3.2-1B,1.2,2048,4,gender,128,1.0,0.031177
Llama-3.2-1B,1.2,2048,4,gender,256,1.0,0.039573
Llama-3.2-1B,1.2,2048,4,gender,512,1.0,0.05473
Llama-3.2-1B,1.2,2048,8,age_bin,2048,1.0,0.075437
Llama-3.2-1B,1.2,2048,8,age_bin,32,1.0,-0.026528
Llama-3.2-1B,1.2,2048,8,age_bin,64,1.0,-0.013816
Llama-3.2-1B,1.2,2048,8,age_bin,128,1.0,-0.001203
Llama-3.2-1B,1.2,2048,8,age_bin,256,1.0,0.015965
Llama-3.2-1B,1.2,2048,8,age_bin,512,1.0,0.027483
Llama-3.2-1B,1.2,2048,8,gender,2048,1.0,0.100411
Llama-3.2-1B,1.2,2048,8,gender,32,1.0,0.023564
Llama-3.2-1B,1.2,2048,8,gender,64,1.0,0.028727
Llama-3.2-1B,1.2,2048,8,gender,128,1.0,0.035768
Llama-3.2-1B,1.2,2048,8,gender,256,1.0,0.049894
Llama-3.2-1B,1.2,2048,8,gender,512,1.0,0.065445
Llama-3.2-3B,3.2,3072,0,age_bin,3072,1.0,-0.036837
Llama-3.2-3B,3.2,3072,0,age_bin,32,1.0,-0.046836
Llama-3.2-3B,3.2,3072,0,age_bin,64,1.0,-0.046134
Llama-3.2-3B,3.2,3072,0,age_bin,128,1.0,-0.044799
Llama-3.2-3B,3.2,3072,0,age_bin,256,1.0,-0.043542
Llama-3.2-3B,3.2,3072,0,age_bin,512,1.0,-0.042268
Llama-3.2-3B,3.2,3072,0,gender,3072,1.0,0.010826
Llama-3.2-3B,3.2,3072,0,gender,32,1.0,0.002548
Llama-3.2-3B,3.2,3072,0,gender,64,1.0,0.003186
Llama-3.2-3B,3.2,3072,0,gender,128,1.0,0.004264
Llama-3.2-3B,3.2,3072,0,gender,256,1.0,0.005171
Llama-3.2-3B,3.2,3072,0,gender,512,1.0,0.005943
Llama-3.2-3B,3.2,3072,12,age_bin,3072,1.0,0.107406
Llama-3.2-3B,3.2,3072,12,age_bin,32,1.0,-0.021704
Llama-3.2-3B,3.2,3072,12,age_bin,64,1.0,-0.006305
Llama-3.2-3B,3.2,3072,12,age_bin,128,1.0,0.004673
Llama-3.2-3B,3.2,3072,12,age_bin,256,1.0,0.023246
Llama-3.2-3B,3.2,3072,12,age_bin,512,1.0,0.036351
Llama-3.2-3B,3.2,3072,12,gender,3072,1.0,0.142659
Llama-3.2-3B,3.2,3072,12,gender,32,1.0,0.024749
Llama-3.2-3B,3.2,3072,12,gender,64,1.0,0.029816
Llama-3.2-3B,3.2,3072,12,gender,128,1.0,0.039258
Llama-3.2-3B,3.2,3072,12,gender,256,1.0,0.05851
Llama-3.2-3B,3.2,3072,12,gender,512,1.0,0.080403
Llama-3.2-3B,3.2,3072,16,age_bin,3072,1.0,0.163352
Llama-3.2-3B,3.2,3072,16,age_bin,32,1.0,0.000462
Llama-3.2-3B,3.2,3072,16,age_bin,64,1.0,0.016945
Llama-3.2-3B,3.2,3072,16,age_bin,128,1.0,0.037882
Llama-3.2-3B,3.2,3072,16,age_bin,256,1.0,0.05303
Llama-3.2-3B,3.2,3072,16,age_bin,512,1.0,0.067719
Llama-3.2-3B,3.2,3072,16,gender,3072,1.0,0.19551
Llama-3.2-3B,3.2,3072,16,gender,32,1.0,0.032865
Llama-3.2-3B,3.2,3072,16,gender,64,1.0,0.04386
Llama-3.2-3B,3.2,3072,16,gender,128,1.0,0.063693
Llama-3.2-3B,3.2,3072,16,gender,256,1.0,0.091625
Llama-3.2-3B,3.2,3072,16,gender,512,1.0,0.11313
Llama-3.2-3B,3.2,3072,20,age_bin,3072,1.0,0.165427
Llama-3.2-3B,3.2,3072,20,age_bin,32,1.0,0.001316
Llama-3.2-3B,3.2,3072,20,age_bin,64,1.0,0.02068
Llama-3.2-3B,3.2,3072,20,age_bin,128,1.0,0.040419
Llama-3.2-3B,3.2,3072,20,age_bin,256,1.0,0.056213
Llama-3.2-3B,3.2,3072,20,age_bin,512,1.0,0.067536
Llama-3.2-3B,3.2,3072,20,gender,3072,1.0,0.193631
Llama-3.2-3B,3.2,3072,20,gender,32,1.0,0.038124
Llama-3.2-3B,3.2,3072,20,gender,64,1.0,0.051514
Llama-3.2-3B,3.2,3072,20,gender,128,1.0,0.069151
Llama-3.2-3B,3.2,3072,20,gender,256,1.0,0.09306
Llama-3.2-3B,3.2,3072,20,gender,512,1.0,0.108302
Llama-3.2-3B,3.2,3072,24,age_bin,3072,1.0,0.175115
Llama-3.2-3B,3.2,3072,24,age_bin,32,1.0,0.005244
Llama-3.2-3B,3.2,3072,24,age_bin,64,1.0,0.033969
Llama-3.2-3B,3.2,3072,24,age_bin,128,1.0,0.050484
Llama-3.2-3B,3.2,3072,24,age_bin,256,1.0,0.062397
Llama-3.2-3B,3.2,3072,24,age_bin,512,1.0,0.070833
Llama-3.2-3B,3.2,3072,24,gender,3072,1.0,0.198859
Llama-3.2-3B,3.2,3072,24,gender,32,1.0,0.042547
Llama-3.2-3B,3.2,3072,24,gender,64,1.0,0.064108
Llama-3.2-3B,3.2,3072,24,gender,128,1.0,0.078387
Llama-3.2-3B,3.2,3072,24,gender,256,1.0,0.097406
Llama-3.2-3B,3.2,3072,24,gender,512,1.0,0.111389
Llama-3.2-3B,3.2,3072,28,age_bin,3072,1.0,0.181039
Llama-3.2-3B,3.2,3072,28,age_bin,32,1.0,0.00722
Llama-3.2-3B,3.2,3072,28,age_bin,64,1.0,0.035436
Llama-3.2-3B,3.2,3072,28,age_bin,128,1.0,0.053431
Llama-3.2-3B,3.2,3072,28,age_bin,256,1.0,0.066436
Llama-3.2-3B,3.2,3072,28,age_bin,512,1.0,0.075631
Llama-3.2-3B,3.2,3072,28,gender,3072,1.0,0.209014
Llama-3.2-3B,3.2,3072,28,gender,32,1.0,0.05366
Llama-3.2-3B,3.2,3072,28,gender,64,1.0,0.074792
Llama-3.2-3B,3.2,3072,28,gender,128,1.0,0.089472
Llama-3.2-3B,3.2,3072,28,gender,256,1.0,0.101463
Llama-3.2-3B,3.2,3072,28,gender,512,1.0,0.112422
Llama-3.2-3B,3.2,3072,4,age_bin,3072,1.0,0.053587
Llama-3.2-3B,3.2,3072,4,age_bin,32,1.0,-0.035449
Llama-3.2-3B,3.2,3072,4,age_bin,64,1.0,-0.0228
Llama-3.2-3B,3.2,3072,4,age_bin,128,1.0,-0.013594
Llama-3.2-3B,3.2,3072,4,age_bin,256,1.0,-0.004487
Llama-3.2-3B,3.2,3072,4,age_bin,512,1.0,0.004818
Llama-3.2-3B,3.2,3072,4,gender,3072,1.0,0.096067
Llama-3.2-3B,3.2,3072,4,gender,32,1.0,0.013945
Llama-3.2-3B,3.2,3072,4,gender,64,1.0,0.023892
Llama-3.2-3B,3.2,3072,4,gender,128,1.0,0.032132
Llama-3.2-3B,3.2,3072,4,gender,256,1.0,0.040905
Llama-3.2-3B,3.2,3072,4,gender,512,1.0,0.05238
Llama-3.2-3B,3.2,3072,8,age_bin,3072,1.0,0.074276
Llama-3.2-3B,3.2,3072,8,age_bin,32,1.0,-0.02745
Llama-3.2-3B,3.2,3072,8,age_bin,64,1.0,-0.016052
Llama-3.2-3B,3.2,3072,8,age_bin,128,1.0,-0.006108
Llama-3.2-3B,3.2,3072,8,age_bin,256,1.0,0.005361
Llama-3.2-3B,3.2,3072,8,age_bin,512,1.0,0.016818
Llama-3.2-3B,3.2,3072,8,gender,3072,1.0,0.109961
Llama-3.2-3B,3.2,3072,8,gender,32,1.0,0.024809
Llama-3.2-3B,3.2,3072,8,gender,64,1.0,0.031343
Llama-3.2-3B,3.2,3072,8,gender,128,1.0,0.039483
Llama-3.2-3B,3.2,3072,8,gender,256,1.0,0.050118
Llama-3.2-3B,3.2,3072,8,gender,512,1.0,0.06215
Qwen2.5-0.5B,0.5,896,0,age_bin,896,1.0,-0.040786
Qwen2.5-0.5B,0.5,896,0,age_bin,32,1.0,-0.048238
Qwen2.5-0.5B,0.5,896,0,age_bin,64,1.0,-0.047152
Qwen2.5-0.5B,0.5,896,0,age_bin,128,1.0,-0.046145
Qwen2.5-0.5B,0.5,896,0,age_bin,256,1.0,-0.044822
Qwen2.5-0.5B,0.5,896,0,age_bin,512,1.0,-0.043639
Qwen2.5-0.5B,0.5,896,0,gender,896,1.0,0.006838
Qwen2.5-0.5B,0.5,896,0,gender,32,1.0,0.001934
Qwen2.5-0.5B,0.5,896,0,gender,64,1.0,0.00241
Qwen2.5-0.5B,0.5,896,0,gender,128,1.0,0.002912
Qwen2.5-0.5B,0.5,896,0,gender,256,1.0,0.003974
Qwen2.5-0.5B,0.5,896,0,gender,512,1.0,0.004886
Qwen2.5-0.5B,0.5,896,12,age_bin,896,1.0,0.00256
Qwen2.5-0.5B,0.5,896,12,age_bin,32,1.0,-0.033522
Qwen2.5-0.5B,0.5,896,12,age_bin,64,1.0,-0.028604
Qwen2.5-0.5B,0.5,896,12,age_bin,128,1.0,-0.02264
Qwen2.5-0.5B,0.5,896,12,age_bin,256,1.0,-0.01285
Qwen2.5-0.5B,0.5,896,12,age_bin,512,1.0,-0.004361
Qwen2.5-0.5B,0.5,896,12,gender,896,1.0,0.050493
Qwen2.5-0.5B,0.5,896,12,gender,32,1.0,0.017785
Qwen2.5-0.5B,0.5,896,12,gender,64,1.0,0.02365
Qwen2.5-0.5B,0.5,896,12,gender,128,1.0,0.029464
Qwen2.5-0.5B,0.5,896,12,gender,256,1.0,0.038318
Qwen2.5-0.5B,0.5,896,12,gender,512,1.0,0.045489
Qwen2.5-0.5B,0.5,896,16,age_bin,896,1.0,0.03357
Qwen2.5-0.5B,0.5,896,16,age_bin,32,1.0,-0.022897
Qwen2.5-0.5B,0.5,896,16,age_bin,64,1.0,-0.015397
Qwen2.5-0.5B,0.5,896,16,age_bin,128,1.0,-0.006926
Qwen2.5-0.5B,0.5,896,16,age_bin,256,1.0,0.004687
Qwen2.5-0.5B,0.5,896,16,age_bin,512,1.0,0.015477
Qwen2.5-0.5B,0.5,896,16,gender,896,1.0,0.074023
Qwen2.5-0.5B,0.5,896,16,gender,32,1.0,0.031724
Qwen2.5-0.5B,0.5,896,16,gender,64,1.0,0.035929
Qwen2.5-0.5B,0.5,896,16,gender,128,1.0,0.042811
Qwen2.5-0.5B,0.5,896,16,gender,256,1.0,0.050449
Qwen2.5-0.5B,0.5,896,16,gender,512,1.0,0.057973
Qwen2.5-0.5B,0.5,896,20,age_bin,896,1.0,0.04677
Qwen2.5-0.5B,0.5,896,20,age_bin,32,1.0,-0.012751
Qwen2.5-0.5B,0.5,896,20,age_bin,64,1.0,-0.007483
Qwen2.5-0.5B,0.5,896,20,age_bin,128,1.0,8.6e-05
Qwen2.5-0.5B,0.5,896,20,age_bin,256,1.0,0.010316
Qwen2.5-0.5B,0.5,896,20,age_bin,512,1.0,0.018792
Qwen2.5-0.5B,0.5,896,20,gender,896,1.0,0.07666
Qwen2.5-0.5B,0.5,896,20,gender,32,1.0,0.031937
Qwen2.5-0.5B,0.5,896,20,gender,64,1.0,0.036425
Qwen2.5-0.5B,0.5,896,20,gender,128,1.0,0.043709
Qwen2.5-0.5B,0.5,896,20,gender,256,1.0,0.049966
Qwen2.5-0.5B,0.5,896,20,gender,512,1.0,0.056424
Qwen2.5-0.5B,0.5,896,24,age_bin,896,1.0,0.067163
Qwen2.5-0.5B,0.5,896,24,age_bin,32,1.0,-0.010562
Qwen2.5-0.5B,0.5,896,24,age_bin,64,1.0,0.001577
Qwen2.5-0.5B,0.5,896,24,age_bin,128,1.0,0.0134
Qwen2.5-0.5B,0.5,896,24,age_bin,256,1.0,0.019965
Qwen2.5-0.5B,0.5,896,24,age_bin,512,1.0,0.025988
Qwen2.5-0.5B,0.5,896,24,gender,896,1.0,0.105577
Qwen2.5-0.5B,0.5,896,24,gender,32,1.0,0.044209
Qwen2.5-0.5B,0.5,896,24,gender,64,1.0,0.051445
Qwen2.5-0.5B,0.5,896,24,gender,128,1.0,0.056344
Qwen2.5-0.5B,0.5,896,24,gender,256,1.0,0.060686
Qwen2.5-0.5B,0.5,896,24,gender,512,1.0,0.064118
Qwen2.5-0.5B,0.5,896,4,age_bin,896,1.0,-0.019255
Qwen2.5-0.5B,0.5,896,4,age_bin,32,1.0,-0.042135
Qwen2.5-0.5B,0.5,896,4,age_bin,64,1.0,-0.040048
Qwen2.5-0.5B,0.5,896,4,age_bin,128,1.0,-0.03589
Qwen2.5-0.5B,0.5,896,4,age_bin,256,1.0,-0.026853
Qwen2.5-0.5B,0.5,896,4,age_bin,512,1.0,-0.02222
Qwen2.5-0.5B,0.5,896,4,gender,896,1.0,0.026046
Qwen2.5-0.5B,0.5,896,4,gender,32,1.0,0.006066
Qwen2.5-0.5B,0.5,896,4,gender,64,1.0,0.007126
Qwen2.5-0.5B,0.5,896,4,gender,128,1.0,0.011408
Qwen2.5-0.5B,0.5,896,4,gender,256,1.0,0.019589
Qwen2.5-0.5B,0.5,896,4,gender,512,1.0,0.025244
Qwen2.5-0.5B,0.5,896,8,age_bin,896,1.0,0.002042
Qwen2.5-0.5B,0.5,896,8,age_bin,32,1.0,-0.038479
Qwen2.5-0.5B,0.5,896,8,age_bin,64,1.0,-0.031105
Qwen2.5-0.5B,0.5,896,8,age_bin,128,1.0,-0.023755
Qwen2.5-0.5B,0.5,896,8,age_bin,256,1.0,-0.010387
Qwen2.5-0.5B,0.5,896,8,age_bin,512,1.0,-0.000317
Qwen2.5-0.5B,0.5,896,8,gender,896,1.0,0.049705
Qwen2.5-0.5B,0.5,896,8,gender,32,1.0,0.01208
Qwen2.5-0.5B,0.5,896,8,gender,64,1.0,0.020082
Qwen2.5-0.5B,0.5,896,8,gender,128,1.0,0.028225
Qwen2.5-0.5B,0.5,896,8,gender,256,1.0,0.040083
Qwen2.5-0.5B,0.5,896,8,gender,512,1.0,0.049126
Qwen2.5-1.5B,1.5,1536,0,age_bin,1536,1.0,-0.038886
Qwen2.5-1.5B,1.5,1536,0,age_bin,32,1.0,-0.047728
Qwen2.5-1.5B,1.5,1536,0,age_bin,64,1.0,-0.047032
Qwen2.5-1.5B,1.5,1536,0,age_bin,128,1.0,-0.045547
Qwen2.5-1.5B,1.5,1536,0,age_bin,256,1.0,-0.044348
Qwen2.5-1.5B,1.5,1536,0,age_bin,512,1.0,-0.042955
Qwen2.5-1.5B,1.5,1536,0,gender,1536,1.0,0.008726
Qwen2.5-1.5B,1.5,1536,0,gender,32,1.0,0.002019
Qwen2.5-1.5B,1.5,1536,0,gender,64,1.0,0.002562
Qwen2.5-1.5B,1.5,1536,0,gender,128,1.0,0.003446
Qwen2.5-1.5B,1.5,1536,0,gender,256,1.0,0.004426
Qwen2.5-1.5B,1.5,1536,0,gender,512,1.0,0.005508
Qwen2.5-1.5B,1.5,1536,12,age_bin,1536,1.0,0.02919
Qwen2.5-1.5B,1.5,1536,12,age_bin,32,1.0,-0.028954
Qwen2.5-1.5B,1.5,1536,12,age_bin,64,1.0,-0.019897
Qwen2.5-1.5B,1.5,1536,12,age_bin,128,1.0,-0.011513
Qwen2.5-1.5B,1.5,1536,12,age_bin,256,1.0,0.00617
Qwen2.5-1.5B,1.5,1536,12,age_bin,512,1.0,0.02011
Qwen2.5-1.5B,1.5,1536,12,gender,1536,1.0,0.072001
Qwen2.5-1.5B,1.5,1536,12,gender,32,1.0,0.023637
Qwen2.5-1.5B,1.5,1536,12,gender,64,1.0,0.028684
Qwen2.5-1.5B,1.5,1536,12,gender,128,1.0,0.035868
Qwen2.5-1.5B,1.5,1536,12,gender,256,1.0,0.05216
Qwen2.5-1.5B,1.5,1536,12,gender,512,1.0,0.065293
Qwen2.5-1.5B,1.5,1536,16,age_bin,1536,1.0,0.0231
Qwen2.5-1.5B,1.5,1536,16,age_bin,32,1.0,-0.027661
Qwen2.5-1.5B,1.5,1536,16,age_bin,64,1.0,-0.02089
Qwen2.5-1.5B,1.5,1536,16,age_bin,128,1.0,-0.014481
Qwen2.5-1.5B,1.5,1536,16,age_bin,256,1.0,-6.9e-05
Qwen2.5-1.5B,1.5,1536,16,age_bin,512,1.0,0.013859
Qwen2.5-1.5B,1.5,1536,16,gender,1536,1.0,0.067086
Qwen2.5-1.5B,1.5,1536,16,gender,32,1.0,0.023576
Qwen2.5-1.5B,1.5,1536,16,gender,64,1.0,0.029571
Qwen2.5-1.5B,1.5,1536,16,gender,128,1.0,0.034179
Qwen2.5-1.5B,1.5,1536,16,gender,256,1.0,0.046854
Qwen2.5-1.5B,1.5,1536,16,gender,512,1.0,0.06084
Qwen2.5-1.5B,1.5,1536,20,age_bin,1536,1.0,0.060198
Qwen2.5-1.5B,1.5,1536,20,age_bin,32,1.0,-0.011245
Qwen2.5-1.5B,1.5,1536,20,age_bin,64,1.0,-0.005402
Qwen2.5-1.5B,1.5,1536,20,age_bin,128,1.0,0.001005
Qwen2.5-1.5B,1.5,1536,20,age_bin,256,1.0,0.02126
Qwen2.5-1.5B,1.5,1536,20,age_bin,512,1.0,0.036902
Qwen2.5-1.5B,1.5,1536,20,gender,1536,1.0,0.086024
Qwen2.5-1.5B,1.5,1536,20,gender,32,1.0,0.02641
Qwen2.5-1.5B,1.5,1536,20,gender,64,1.0,0.03141
Qwen2.5-1.5B,1.5,1536,20,gender,128,1.0,0.038664
Qwen2.5-1.5B,1.5,1536,20,gender,256,1.0,0.055346
Qwen2.5-1.5B,1.5,1536,20,gender,512,1.0,0.073691
Qwen2.5-1.5B,1.5,1536,24,age_bin,1536,1.0,0.089619
Qwen2.5-1.5B,1.5,1536,24,age_bin,32,1.0,-0.00238
Qwen2.5-1.5B,1.5,1536,24,age_bin,64,1.0,0.011318
Qwen2.5-1.5B,1.5,1536,24,age_bin,128,1.0,0.024424
Qwen2.5-1.5B,1.5,1536,24,age_bin,256,1.0,0.034682
Qwen2.5-1.5B,1.5,1536,24,age_bin,512,1.0,0.043042
Qwen2.5-1.5B,1.5,1536,24,gender,1536,1.0,0.114654
Qwen2.5-1.5B,1.5,1536,24,gender,32,1.0,0.039711
Qwen2.5-1.5B,1.5,1536,24,gender,64,1.0,0.052598
Qwen2.5-1.5B,1.5,1536,24,gender,128,1.0,0.059925
Qwen2.5-1.5B,1.5,1536,24,gender,256,1.0,0.067561
Qwen2.5-1.5B,1.5,1536,24,gender,512,1.0,0.077788
Qwen2.5-1.5B,1.5,1536,28,age_bin,1536,1.0,0.104383
Qwen2.5-1.5B,1.5,1536,28,age_bin,32,1.0,-0.003002
Qwen2.5-1.5B,1.5,1536,28,age_bin,64,1.0,0.015848
Qwen2.5-1.5B,1.5,1536,28,age_bin,128,1.0,0.029623
Qwen2.5-1.5B,1.5,1536,28,age_bin,256,1.0,0.03947
Qwen2.5-1.5B,1.5,1536,28,age_bin,512,1.0,0.046207
Qwen2.5-1.5B,1.5,1536,28,gender,1536,1.0,0.132314
Qwen2.5-1.5B,1.5,1536,28,gender,32,1.0,0.049177
Qwen2.5-1.5B,1.5,1536,28,gender,64,1.0,0.060325
Qwen2.5-1.5B,1.5,1536,28,gender,128,1.0,0.066653
Qwen2.5-1.5B,1.5,1536,28,gender,256,1.0,0.074172
Qwen2.5-1.5B,1.5,1536,28,gender,512,1.0,0.080302
Qwen2.5-1.5B,1.5,1536,4,age_bin,1536,1.0,-0.006356
Qwen2.5-1.5B,1.5,1536,4,age_bin,32,1.0,-0.039482
Qwen2.5-1.5B,1.5,1536,4,age_bin,64,1.0,-0.035168
Qwen2.5-1.5B,1.5,1536,4,age_bin,128,1.0,-0.026279
Qwen2.5-1.5B,1.5,1536,4,age_bin,256,1.0,-0.018814
Qwen2.5-1.5B,1.5,1536,4,age_bin,512,1.0,-0.011372
Qwen2.5-1.5B,1.5,1536,4,gender,1536,1.0,0.036988
Qwen2.5-1.5B,1.5,1536,4,gender,32,1.0,0.009246
Qwen2.5-1.5B,1.5,1536,4,gender,64,1.0,0.012986
Qwen2.5-1.5B,1.5,1536,4,gender,128,1.0,0.0238
Qwen2.5-1.5B,1.5,1536,4,gender,256,1.0,0.031328
Qwen2.5-1.5B,1.5,1536,4,gender,512,1.0,0.038173
Qwen2.5-1.5B,1.5,1536,8,age_bin,1536,1.0,0.019989
Qwen2.5-1.5B,1.5,1536,8,age_bin,32,1.0,-0.034006
Qwen2.5-1.5B,1.5,1536,8,age_bin,64,1.0,-0.023813
Qwen2.5-1.5B,1.5,1536,8,age_bin,128,1.0,-0.012598
Qwen2.5-1.5B,1.5,1536,8,age_bin,256,1.0,0.001206
Qwen2.5-1.5B,1.5,1536,8,age_bin,512,1.0,0.015268
Qwen2.5-1.5B,1.5,1536,8,gender,1536,1.0,0.059837
Qwen2.5-1.5B,1.5,1536,8,gender,32,1.0,0.015502
Qwen2.5-1.5B,1.5,1536,8,gender,64,1.0,0.021837
Qwen2.5-1.5B,1.5,1536,8,gender,128,1.0,0.028502
Qwen2.5-1.5B,1.5,1536,8,gender,256,1.0,0.041459
Qwen2.5-1.5B,1.5,1536,8,gender,512,1.0,0.054975
Qwen2.5-14B,14.0,5120,0,age_bin,5120,1.0,-0.036669
Qwen2.5-14B,14.0,5120,0,age_bin,32,1.0,-0.048505
Qwen2.5-14B,14.0,5120,0,age_bin,64,1.0,-0.047135
Qwen2.5-14B,14.0,5120,0,age_bin,128,1.0,-0.045904
Qwen2.5-14B,14.0,5120,0,age_bin,256,1.0,-0.044299
Qwen2.5-14B,14.0,5120,0,age_bin,512,1.0,-0.043005
Qwen2.5-14B,14.0,5120,0,gender,5120,1.0,0.010966
Qwen2.5-14B,14.0,5120,0,gender,32,1.0,0.001733
Qwen2.5-14B,14.0,5120,0,gender,64,1.0,0.002394
Qwen2.5-14B,14.0,5120,0,gender,128,1.0,0.00344
Qwen2.5-14B,14.0,5120,0,gender,256,1.0,0.004711
Qwen2.5-14B,14.0,5120,0,gender,512,1.0,0.005568
Qwen2.5-14B,14.0,5120,12,age_bin,5120,1.0,0.135256
Qwen2.5-14B,14.0,5120,12,age_bin,32,1.0,-0.022436
Qwen2.5-14B,14.0,5120,12,age_bin,64,1.0,-0.00839
Qwen2.5-14B,14.0,5120,12,age_bin,128,1.0,0.00262
Qwen2.5-14B,14.0,5120,12,age_bin,256,1.0,0.026463
Qwen2.5-14B,14.0,5120,12,age_bin,512,1.0,0.047827
Qwen2.5-14B,14.0,5120,12,gender,5120,1.0,0.156488
Qwen2.5-14B,14.0,5120,12,gender,32,1.0,0.017773
Qwen2.5-14B,14.0,5120,12,gender,64,1.0,0.028835
Qwen2.5-14B,14.0,5120,12,gender,128,1.0,0.03962
Qwen2.5-14B,14.0,5120,12,gender,256,1.0,0.070305
Qwen2.5-14B,14.0,5120,12,gender,512,1.0,0.091374
Qwen2.5-14B,14.0,5120,16,age_bin,5120,1.0,0.119928
Qwen2.5-14B,14.0,5120,16,age_bin,32,1.0,-0.025566
Qwen2.5-14B,14.0,5120,16,age_bin,64,1.0,-0.013198
Qwen2.5-14B,14.0,5120,16,age_bin,128,1.0,-0.001907
Qwen2.5-14B,14.0,5120,16,age_bin,256,1.0,0.016826
Qwen2.5-14B,14.0,5120,16,age_bin,512,1.0,0.035982
Qwen2.5-14B,14.0,5120,16,gender,5120,1.0,0.137702
Qwen2.5-14B,14.0,5120,16,gender,32,1.0,0.023214
Qwen2.5-14B,14.0,5120,16,gender,64,1.0,0.031826
Qwen2.5-14B,14.0,5120,16,gender,128,1.0,0.041418
Qwen2.5-14B,14.0,5120,16,gender,256,1.0,0.058152
Qwen2.5-14B,14.0,5120,16,gender,512,1.0,0.07591
Qwen2.5-14B,14.0,5120,20,age_bin,5120,1.0,0.17322
Qwen2.5-14B,14.0,5120,20,age_bin,32,1.0,-0.014652
Qwen2.5-14B,14.0,5120,20,age_bin,64,1.0,0.001329
Qwen2.5-14B,14.0,5120,20,age_bin,128,1.0,0.019344
Qwen2.5-14B,14.0,5120,20,age_bin,256,1.0,0.041694
Qwen2.5-14B,14.0,5120,20,age_bin,512,1.0,0.062215
Qwen2.5-14B,14.0,5120,20,gender,5120,1.0,0.198272
Qwen2.5-14B,14.0,5120,20,gender,32,1.0,0.032632
Qwen2.5-14B,14.0,5120,20,gender,64,1.0,0.041913
Qwen2.5-14B,14.0,5120,20,gender,128,1.0,0.058331
Qwen2.5-14B,14.0,5120,20,gender,256,1.0,0.07901
Qwen2.5-14B,14.0,5120,20,gender,512,1.0,0.10164
Qwen2.5-14B,14.0,5120,24,age_bin,5120,1.0,0.169503
Qwen2.5-14B,14.0,5120,24,age_bin,32,1.0,-0.012429
Qwen2.5-14B,14.0,5120,24,age_bin,64,1.0,0.002044
Qwen2.5-14B,14.0,5120,24,age_bin,128,1.0,0.018655
Qwen2.5-14B,14.0,5120,24,age_bin,256,1.0,0.041502
Qwen2.5-14B,14.0,5120,24,age_bin,512,1.0,0.061037
Qwen2.5-14B,14.0,5120,24,gender,5120,1.0,0.188048
Qwen2.5-14B,14.0,5120,24,gender,32,1.0,0.034421
Qwen2.5-14B,14.0,5120,24,gender,64,1.0,0.041495
Qwen2.5-14B,14.0,5120,24,gender,128,1.0,0.059838
Qwen2.5-14B,14.0,5120,24,gender,256,1.0,0.080215
Qwen2.5-14B,14.0,5120,24,gender,512,1.0,0.099437
Qwen2.5-14B,14.0,5120,28,age_bin,5120,1.0,0.142136
Qwen2.5-14B,14.0,5120,28,age_bin,32,1.0,-0.016452
Qwen2.5-14B,14.0,5120,28,age_bin,64,1.0,-0.002512
Qwen2.5-14B,14.0,5120,28,age_bin,128,1.0,0.010726
Qwen2.5-14B,14.0,5120,28,age_bin,256,1.0,0.033184
Qwen2.5-14B,14.0,5120,28,age_bin,512,1.0,0.051289
Qwen2.5-14B,14.0,5120,28,gender,5120,1.0,0.154669
Qwen2.5-14B,14.0,5120,28,gender,32,1.0,0.030876
Qwen2.5-14B,14.0,5120,28,gender,64,1.0,0.039032
Qwen2.5-14B,14.0,5120,28,gender,128,1.0,0.053827
Qwen2.5-14B,14.0,5120,28,gender,256,1.0,0.070857
Qwen2.5-14B,14.0,5120,28,gender,512,1.0,0.089266
Qwen2.5-14B,14.0,5120,32,age_bin,5120,1.0,0.22155
Qwen2.5-14B,14.0,5120,32,age_bin,32,1.0,0.00649
Qwen2.5-14B,14.0,5120,32,age_bin,64,1.0,0.026491
Qwen2.5-14B,14.0,5120,32,age_bin,128,1.0,0.050703
Qwen2.5-14B,14.0,5120,32,age_bin,256,1.0,0.069863
Qwen2.5-14B,14.0,5120,32,age_bin,512,1.0,0.088773
Qwen2.5-14B,14.0,5120,32,gender,5120,1.0,0.259826
Qwen2.5-14B,14.0,5120,32,gender,32,1.0,0.043021
Qwen2.5-14B,14.0,5120,32,gender,64,1.0,0.067486
Qwen2.5-14B,14.0,5120,32,gender,128,1.0,0.094393
Qwen2.5-14B,14.0,5120,32,gender,256,1.0,0.120517
Qwen2.5-14B,14.0,5120,32,gender,512,1.0,0.140272
Qwen2.5-14B,14.0,5120,36,age_bin,5120,1.0,0.211642
Qwen2.5-14B,14.0,5120,36,age_bin,32,1.0,0.003691
Qwen2.5-14B,14.0,5120,36,age_bin,64,1.0,0.02586
Qwen2.5-14B,14.0,5120,36,age_bin,128,1.0,0.048051
Qwen2.5-14B,14.0,5120,36,age_bin,256,1.0,0.066191
Qwen2.5-14B,14.0,5120,36,age_bin,512,1.0,0.08282
Qwen2.5-14B,14.0,5120,36,gender,5120,1.0,0.240024
Qwen2.5-14B,14.0,5120,36,gender,32,1.0,0.04305
Qwen2.5-14B,14.0,5120,36,gender,64,1.0,0.061337
Qwen2.5-14B,14.0,5120,36,gender,128,1.0,0.080766
Qwen2.5-14B,14.0,5120,36,gender,256,1.0,0.105343
Qwen2.5-14B,14.0,5120,36,gender,512,1.0,0.127483
Qwen2.5-14B,14.0,5120,40,age_bin,5120,1.0,0.235428
Qwen2.5-14B,14.0,5120,40,age_bin,32,1.0,0.018364
Qwen2.5-14B,14.0,5120,40,age_bin,64,1.0,0.047941
Qwen2.5-14B,14.0,5120,40,age_bin,128,1.0,0.066993
Qwen2.5-14B,14.0,5120,40,age_bin,256,1.0,0.082929
Qwen2.5-14B,14.0,5120,40,age_bin,512,1.0,0.095316
Qwen2.5-14B,14.0,5120,40,gender,5120,1.0,0.260714
Qwen2.5-14B,14.0,5120,40,gender,32,1.0,0.05861
Qwen2.5-14B,14.0,5120,40,gender,64,1.0,0.085201
Qwen2.5-14B,14.0,5120,40,gender,128,1.0,0.104975
Qwen2.5-14B,14.0,5120,40,gender,256,1.0,0.124554
Qwen2.5-14B,14.0,5120,40,gender,512,1.0,0.137125
Qwen2.5-14B,14.0,5120,44,age_bin,5120,1.0,0.233061
Qwen2.5-14B,14.0,5120,44,age_bin,32,1.0,0.018594
Qwen2.5-14B,14.0,5120,44,age_bin,64,1.0,0.052264
Qwen2.5-14B,14.0,5120,44,age_bin,128,1.0,0.069158
Qwen2.5-14B,14.0,5120,44,age_bin,256,1.0,0.08266
Qwen2.5-14B,14.0,5120,44,age_bin,512,1.0,0.094413
Qwen2.5-14B,14.0,5120,44,gender,5120,1.0,0.252082
Qwen2.5-14B,14.0,5120,44,gender,32,1.0,0.05978
Qwen2.5-14B,14.0,5120,44,gender,64,1.0,0.085543
Qwen2.5-14B,14.0,5120,44,gender,128,1.0,0.101642
Qwen2.5-14B,14.0,5120,44,gender,256,1.0,0.11898
Qwen2.5-14B,14.0,5120,44,gender,512,1.0,0.131862
Qwen2.5-14B,14.0,5120,48,age_bin,5120,1.0,0.214373
Qwen2.5-14B,14.0,5120,48,age_bin,32,1.0,-0.006983
Qwen2.5-14B,14.0,5120,48,age_bin,64,1.0,0.018429
Qwen2.5-14B,14.0,5120,48,age_bin,128,1.0,0.057474
Qwen2.5-14B,14.0,5120,48,age_bin,256,1.0,0.076201
Qwen2.5-14B,14.0,5120,48,age_bin,512,1.0,0.091324
Qwen2.5-14B,14.0,5120,48,gender,5120,1.0,0.236683
Qwen2.5-14B,14.0,5120,48,gender,32,1.0,0.049443
Qwen2.5-14B,14.0,5120,48,gender,64,1.0,0.067364
Qwen2.5-14B,14.0,5120,48,gender,128,1.0,0.088532
Qwen2.5-14B,14.0,5120,48,gender,256,1.0,0.108346
Qwen2.5-14B,14.0,5120,48,gender,512,1.0,0.127145
Qwen2.5-14B,14.0,5120,4,age_bin,5120,1.0,0.037176
Qwen2.5-14B,14.0,5120,4,age_bin,32,1.0,-0.03902
Qwen2.5-14B,14.0,5120,4,age_bin,64,1.0,-0.032662
Qwen2.5-14B,14.0,5120,4,age_bin,128,1.0,-0.0234
Qwen2.5-14B,14.0,5120,4,age_bin,256,1.0,-0.016497
Qwen2.5-14B,14.0,5120,4,age_bin,512,1.0,-0.009732
Qwen2.5-14B,14.0,5120,4,gender,5120,1.0,0.081035
Qwen2.5-14B,14.0,5120,4,gender,32,1.0,0.006653
Qwen2.5-14B,14.0,5120,4,gender,64,1.0,0.011123
Qwen2.5-14B,14.0,5120,4,gender,128,1.0,0.020928
Qwen2.5-14B,14.0,5120,4,gender,256,1.0,0.029195
Qwen2.5-14B,14.0,5120,4,gender,512,1.0,0.037193
Qwen2.5-14B,14.0,5120,8,age_bin,5120,1.0,0.050776
Qwen2.5-14B,14.0,5120,8,age_bin,32,1.0,-0.034046
Qwen2.5-14B,14.0,5120,8,age_bin,64,1.0,-0.025171
Qwen2.5-14B,14.0,5120,8,age_bin,128,1.0,-0.016918
Qwen2.5-14B,14.0,5120,8,age_bin,256,1.0,-0.009483
Qwen2.5-14B,14.0,5120,8,age_bin,512,1.0,0.000637
Qwen2.5-14B,14.0,5120,8,gender,5120,1.0,0.090834
Qwen2.5-14B,14.0,5120,8,gender,32,1.0,0.013089
Qwen2.5-14B,14.0,5120,8,gender,64,1.0,0.019679
Qwen2.5-14B,14.0,5120,8,gender,128,1.0,0.031595
Qwen2.5-14B,14.0,5120,8,gender,256,1.0,0.042946
Qwen2.5-14B,14.0,5120,8,gender,512,1.0,0.052718
Qwen2.5-3B,3.0,2048,0,age_bin,2048,1.0,-0.038248
Qwen2.5-3B,3.0,2048,0,age_bin,32,1.0,-0.04779
Qwen2.5-3B,3.0,2048,0,age_bin,64,1.0,-0.04689
Qwen2.5-3B,3.0,2048,0,age_bin,128,1.0,-0.045467
Qwen2.5-3B,3.0,2048,0,age_bin,256,1.0,-0.044177
Qwen2.5-3B,3.0,2048,0,age_bin,512,1.0,-0.042865
Qwen2.5-3B,3.0,2048,0,gender,2048,1.0,0.009216
Qwen2.5-3B,3.0,2048,0,gender,32,1.0,0.002016
Qwen2.5-3B,3.0,2048,0,gender,64,1.0,0.00258
Qwen2.5-3B,3.0,2048,0,gender,128,1.0,0.003503
Qwen2.5-3B,3.0,2048,0,gender,256,1.0,0.004508
Qwen2.5-3B,3.0,2048,0,gender,512,1.0,0.005518
Qwen2.5-3B,3.0,2048,12,age_bin,2048,1.0,0.068383
Qwen2.5-3B,3.0,2048,12,age_bin,32,1.0,-0.025669
Qwen2.5-3B,3.0,2048,12,age_bin,64,1.0,-0.017606
Qwen2.5-3B,3.0,2048,12,age_bin,128,1.0,-0.008592
Qwen2.5-3B,3.0,2048,12,age_bin,256,1.0,0.008713
Qwen2.5-3B,3.0,2048,12,age_bin,512,1.0,0.020051
Qwen2.5-3B,3.0,2048,12,gender,2048,1.0,0.095738
Qwen2.5-3B,3.0,2048,12,gender,32,1.0,0.020665
Qwen2.5-3B,3.0,2048,12,gender,64,1.0,0.027587
Qwen2.5-3B,3.0,2048,12,gender,128,1.0,0.035067
Qwen2.5-3B,3.0,2048,12,gender,256,1.0,0.049421
Qwen2.5-3B,3.0,2048,12,gender,512,1.0,0.062063
Qwen2.5-3B,3.0,2048,16,age_bin,2048,1.0,0.075197
Qwen2.5-3B,3.0,2048,16,age_bin,32,1.0,-0.023356
Qwen2.5-3B,3.0,2048,16,age_bin,64,1.0,-0.014649
Qwen2.5-3B,3.0,2048,16,age_bin,128,1.0,-0.004321
Qwen2.5-3B,3.0,2048,16,age_bin,256,1.0,0.015525
Qwen2.5-3B,3.0,2048,16,age_bin,512,1.0,0.032128
Qwen2.5-3B,3.0,2048,16,gender,2048,1.0,0.107549
Qwen2.5-3B,3.0,2048,16,gender,32,1.0,0.02454
Qwen2.5-3B,3.0,2048,16,gender,64,1.0,0.033776
Qwen2.5-3B,3.0,2048,16,gender,128,1.0,0.042909
Qwen2.5-3B,3.0,2048,16,gender,256,1.0,0.06032
Qwen2.5-3B,3.0,2048,16,gender,512,1.0,0.076914
Qwen2.5-3B,3.0,2048,20,age_bin,2048,1.0,0.066809
Qwen2.5-3B,3.0,2048,20,age_bin,32,1.0,-0.023146
Qwen2.5-3B,3.0,2048,20,age_bin,64,1.0,-0.013749
Qwen2.5-3B,3.0,2048,20,age_bin,128,1.0,-0.004133
Qwen2.5-3B,3.0,2048,20,age_bin,256,1.0,0.013468
Qwen2.5-3B,3.0,2048,20,age_bin,512,1.0,0.027547
Qwen2.5-3B,3.0,2048,20,gender,2048,1.0,0.107672
Qwen2.5-3B,3.0,2048,20,gender,32,1.0,0.028228
Qwen2.5-3B,3.0,2048,20,gender,64,1.0,0.036329
Qwen2.5-3B,3.0,2048,20,gender,128,1.0,0.043803
Qwen2.5-3B,3.0,2048,20,gender,256,1.0,0.06244
Qwen2.5-3B,3.0,2048,20,gender,512,1.0,0.076511
Qwen2.5-3B,3.0,2048,24,age_bin,2048,1.0,0.10352
Qwen2.5-3B,3.0,2048,24,age_bin,32,1.0,-0.015033
Qwen2.5-3B,3.0,2048,24,age_bin,64,1.0,-0.004913
Qwen2.5-3B,3.0,2048,24,age_bin,128,1.0,0.006103
Qwen2.5-3B,3.0,2048,24,age_bin,256,1.0,0.029949
Qwen2.5-3B,3.0,2048,24,age_bin,512,1.0,0.044655
Qwen2.5-3B,3.0,2048,24,gender,2048,1.0,0.118361
Qwen2.5-3B,3.0,2048,24,gender,32,1.0,0.030178
Qwen2.5-3B,3.0,2048,24,gender,64,1.0,0.035603
Qwen2.5-3B,3.0,2048,24,gender,128,1.0,0.047175
Qwen2.5-3B,3.0,2048,24,gender,256,1.0,0.066067
Qwen2.5-3B,3.0,2048,24,gender,512,1.0,0.082684
Qwen2.5-3B,3.0,2048,28,age_bin,2048,1.0,0.144524
Qwen2.5-3B,3.0,2048,28,age_bin,32,1.0,0.005605
Qwen2.5-3B,3.0,2048,28,age_bin,64,1.0,0.018333
Qwen2.5-3B,3.0,2048,28,age_bin,128,1.0,0.037321
Qwen2.5-3B,3.0,2048,28,age_bin,256,1.0,0.050902
Qwen2.5-3B,3.0,2048,28,age_bin,512,1.0,0.065002
Qwen2.5-3B,3.0,2048,28,gender,2048,1.0,0.176059
Qwen2.5-3B,3.0,2048,28,gender,32,1.0,0.044967
Qwen2.5-3B,3.0,2048,28,gender,64,1.0,0.059111
Qwen2.5-3B,3.0,2048,28,gender,128,1.0,0.075066
Qwen2.5-3B,3.0,2048,28,gender,256,1.0,0.094443
Qwen2.5-3B,3.0,2048,28,gender,512,1.0,0.108411
Qwen2.5-3B,3.0,2048,32,age_bin,2048,1.0,0.12978
Qwen2.5-3B,3.0,2048,32,age_bin,32,1.0,0.004775
Qwen2.5-3B,3.0,2048,32,age_bin,64,1.0,0.020872
Qwen2.5-3B,3.0,2048,32,age_bin,128,1.0,0.035651
Qwen2.5-3B,3.0,2048,32,age_bin,256,1.0,0.046476
Qwen2.5-3B,3.0,2048,32,age_bin,512,1.0,0.05636
Qwen2.5-3B,3.0,2048,32,gender,2048,1.0,0.146501
Qwen2.5-3B,3.0,2048,32,gender,32,1.0,0.043883
Qwen2.5-3B,3.0,2048,32,gender,64,1.0,0.056297
Qwen2.5-3B,3.0,2048,32,gender,128,1.0,0.068517
Qwen2.5-3B,3.0,2048,32,gender,256,1.0,0.078099
Qwen2.5-3B,3.0,2048,32,gender,512,1.0,0.088794
Qwen2.5-3B,3.0,2048,36,age_bin,2048,1.0,0.133301
Qwen2.5-3B,3.0,2048,36,age_bin,32,1.0,-0.001648
Qwen2.5-3B,3.0,2048,36,age_bin,64,1.0,0.023263
Qwen2.5-3B,3.0,2048,36,age_bin,128,1.0,0.040328
Qwen2.5-3B,3.0,2048,36,age_bin,256,1.0,0.051327
Qwen2.5-3B,3.0,2048,36,age_bin,512,1.0,0.0596
Qwen2.5-3B,3.0,2048,36,gender,2048,1.0,0.156272
Qwen2.5-3B,3.0,2048,36,gender,32,1.0,0.054234
Qwen2.5-3B,3.0,2048,36,gender,64,1.0,0.064967
Qwen2.5-3B,3.0,2048,36,gender,128,1.0,0.076389
Qwen2.5-3B,3.0,2048,36,gender,256,1.0,0.08366
Qwen2.5-3B,3.0,2048,36,gender,512,1.0,0.091935
Qwen2.5-3B,3.0,2048,4,age_bin,2048,1.0,0.01638
Qwen2.5-3B,3.0,2048,4,age_bin,32,1.0,-0.040147
Qwen2.5-3B,3.0,2048,4,age_bin,64,1.0,-0.032944
Qwen2.5-3B,3.0,2048,4,age_bin,128,1.0,-0.02345
Qwen2.5-3B,3.0,2048,4,age_bin,256,1.0,-0.016146
Qwen2.5-3B,3.0,2048,4,age_bin,512,1.0,-0.008907
Qwen2.5-3B,3.0,2048,4,gender,2048,1.0,0.057566
Qwen2.5-3B,3.0,2048,4,gender,32,1.0,0.007514
Qwen2.5-3B,3.0,2048,4,gender,64,1.0,0.013577
Qwen2.5-3B,3.0,2048,4,gender,128,1.0,0.023187
Qwen2.5-3B,3.0,2048,4,gender,256,1.0,0.031589
Qwen2.5-3B,3.0,2048,4,gender,512,1.0,0.03984
Qwen2.5-3B,3.0,2048,8,age_bin,2048,1.0,0.02118
Qwen2.5-3B,3.0,2048,8,age_bin,32,1.0,-0.035638
Qwen2.5-3B,3.0,2048,8,age_bin,64,1.0,-0.027704
Qwen2.5-3B,3.0,2048,8,age_bin,128,1.0,-0.021453
Qwen2.5-3B,3.0,2048,8,age_bin,256,1.0,-0.014219
Qwen2.5-3B,3.0,2048,8,age_bin,512,1.0,-0.006446
Qwen2.5-3B,3.0,2048,8,gender,2048,1.0,0.057344
Qwen2.5-3B,3.0,2048,8,gender,32,1.0,0.010787
Qwen2.5-3B,3.0,2048,8,gender,64,1.0,0.017229
Qwen2.5-3B,3.0,2048,8,gender,128,1.0,0.023665
Qwen2.5-3B,3.0,2048,8,gender,256,1.0,0.031774
Qwen2.5-3B,3.0,2048,8,gender,512,1.0,0.039072
Qwen2.5-7B,7.0,3584,0,age_bin,3584,1.0,-0.037087
Qwen2.5-7B,7.0,3584,0,age_bin,32,1.0,-0.047885
Qwen2.5-7B,7.0,3584,0,age_bin,64,1.0,-0.046495
Qwen2.5-7B,7.0,3584,0,age_bin,128,1.0,-0.044968
Qwen2.5-7B,7.0,3584,0,age_bin,256,1.0,-0.043652
Qwen2.5-7B,7.0,3584,0,age_bin,512,1.0,-0.042683
Qwen2.5-7B,7.0,3584,0,gender,3584,1.0,0.010827
Qwen2.5-7B,7.0,3584,0,gender,32,1.0,0.001938
Qwen2.5-7B,7.0,3584,0,gender,64,1.0,0.002932
Qwen2.5-7B,7.0,3584,0,gender,128,1.0,0.004338
Qwen2.5-7B,7.0,3584,0,gender,256,1.0,0.005219
Qwen2.5-7B,7.0,3584,0,gender,512,1.0,0.005846
Qwen2.5-7B,7.0,3584,12,age_bin,3584,1.0,0.1014
Qwen2.5-7B,7.0,3584,12,age_bin,32,1.0,-0.017846
Qwen2.5-7B,7.0,3584,12,age_bin,64,1.0,-0.002651
Qwen2.5-7B,7.0,3584,12,age_bin,128,1.0,0.012742
Qwen2.5-7B,7.0,3584,12,age_bin,256,1.0,0.028859
Qwen2.5-7B,7.0,3584,12,age_bin,512,1.0,0.047296
Qwen2.5-7B,7.0,3584,12,gender,3584,1.0,0.128136
Qwen2.5-7B,7.0,3584,12,gender,32,1.0,0.033175
Qwen2.5-7B,7.0,3584,12,gender,64,1.0,0.043274
Qwen2.5-7B,7.0,3584,12,gender,128,1.0,0.054878
Qwen2.5-7B,7.0,3584,12,gender,256,1.0,0.073275
Qwen2.5-7B,7.0,3584,12,gender,512,1.0,0.091103
Qwen2.5-7B,7.0,3584,16,age_bin,3584,1.0,0.110806
Qwen2.5-7B,7.0,3584,16,age_bin,32,1.0,-0.013451
Qwen2.5-7B,7.0,3584,16,age_bin,64,1.0,0.001392
Qwen2.5-7B,7.0,3584,16,age_bin,128,1.0,0.015985
Qwen2.5-7B,7.0,3584,16,age_bin,256,1.0,0.031939
Qwen2.5-7B,7.0,3584,16,age_bin,512,1.0,0.048538
Qwen2.5-7B,7.0,3584,16,gender,3584,1.0,0.130305
Qwen2.5-7B,7.0,3584,16,gender,32,1.0,0.032577
Qwen2.5-7B,7.0,3584,16,gender,64,1.0,0.044575
Qwen2.5-7B,7.0,3584,16,gender,128,1.0,0.058046
Qwen2.5-7B,7.0,3584,16,gender,256,1.0,0.074216
Qwen2.5-7B,7.0,3584,16,gender,512,1.0,0.090746
Qwen2.5-7B,7.0,3584,20,age_bin,3584,1.0,0.186668
Qwen2.5-7B,7.0,3584,20,age_bin,32,1.0,0.00983
Qwen2.5-7B,7.0,3584,20,age_bin,64,1.0,0.036967
Qwen2.5-7B,7.0,3584,20,age_bin,128,1.0,0.052932
Qwen2.5-7B,7.0,3584,20,age_bin,256,1.0,0.065651
Qwen2.5-7B,7.0,3584,20,age_bin,512,1.0,0.079224
Qwen2.5-7B,7.0,3584,20,gender,3584,1.0,0.220726
Qwen2.5-7B,7.0,3584,20,gender,32,1.0,0.049558
Qwen2.5-7B,7.0,3584,20,gender,64,1.0,0.074099
Qwen2.5-7B,7.0,3584,20,gender,128,1.0,0.100347
Qwen2.5-7B,7.0,3584,20,gender,256,1.0,0.11515
Qwen2.5-7B,7.0,3584,20,gender,512,1.0,0.127322
Qwen2.5-7B,7.0,3584,24,age_bin,3584,1.0,0.17691
Qwen2.5-7B,7.0,3584,24,age_bin,32,1.0,0.010192
Qwen2.5-7B,7.0,3584,24,age_bin,64,1.0,0.03247
Qwen2.5-7B,7.0,3584,24,age_bin,128,1.0,0.049955
Qwen2.5-7B,7.0,3584,24,age_bin,256,1.0,0.063051
Qwen2.5-7B,7.0,3584,24,age_bin,512,1.0,0.073599
Qwen2.5-7B,7.0,3584,24,gender,3584,1.0,0.196897
Qwen2.5-7B,7.0,3584,24,gender,32,1.0,0.054233
Qwen2.5-7B,7.0,3584,24,gender,64,1.0,0.067618
Qwen2.5-7B,7.0,3584,24,gender,128,1.0,0.082512
Qwen2.5-7B,7.0,3584,24,gender,256,1.0,0.098186
Qwen2.5-7B,7.0,3584,24,gender,512,1.0,0.110333
Qwen2.5-7B,7.0,3584,28,age_bin,3584,1.0,0.168193
Qwen2.5-7B,7.0,3584,28,age_bin,32,1.0,-0.009689
Qwen2.5-7B,7.0,3584,28,age_bin,64,1.0,0.011512
Qwen2.5-7B,7.0,3584,28,age_bin,128,1.0,0.037301
Qwen2.5-7B,7.0,3584,28,age_bin,256,1.0,0.055899
Qwen2.5-7B,7.0,3584,28,age_bin,512,1.0,0.068407
Qwen2.5-7B,7.0,3584,28,gender,3584,1.0,0.192504
Qwen2.5-7B,7.0,3584,28,gender,32,1.0,0.050188
Qwen2.5-7B,7.0,3584,28,gender,64,1.0,0.061784
Qwen2.5-7B,7.0,3584,28,gender,128,1.0,0.075334
Qwen2.5-7B,7.0,3584,28,gender,256,1.0,0.08772
Qwen2.5-7B,7.0,3584,28,gender,512,1.0,0.100381
Qwen2.5-7B,7.0,3584,4,age_bin,3584,1.0,0.012166
Qwen2.5-7B,7.0,3584,4,age_bin,32,1.0,-0.039254
Qwen2.5-7B,7.0,3584,4,age_bin,64,1.0,-0.034471
Qwen2.5-7B,7.0,3584,4,age_bin,128,1.0,-0.024533
Qwen2.5-7B,7.0,3584,4,age_bin,256,1.0,-0.016125
Qwen2.5-7B,7.0,3584,4,age_bin,512,1.0,-0.008622
Qwen2.5-7B,7.0,3584,4,gender,3584,1.0,0.049455
Qwen2.5-7B,7.0,3584,4,gender,32,1.0,0.008873
Qwen2.5-7B,7.0,3584,4,gender,64,1.0,0.012682
Qwen2.5-7B,7.0,3584,4,gender,128,1.0,0.021431
Qwen2.5-7B,7.0,3584,4,gender,256,1.0,0.028151
Qwen2.5-7B,7.0,3584,4,gender,512,1.0,0.038415
Qwen2.5-7B,7.0,3584,8,age_bin,3584,1.0,0.068185
Qwen2.5-7B,7.0,3584,8,age_bin,32,1.0,-0.030245
Qwen2.5-7B,7.0,3584,8,age_bin,64,1.0,-0.018564
Qwen2.5-7B,7.0,3584,8,age_bin,128,1.0,-0.00973
Qwen2.5-7B,7.0,3584,8,age_bin,256,1.0,0.000896
Qwen2.5-7B,7.0,3584,8,age_bin,512,1.0,0.018791
Qwen2.5-7B,7.0,3584,8,gender,3584,1.0,0.09836
Qwen2.5-7B,7.0,3584,8,gender,32,1.0,0.019268
Qwen2.5-7B,7.0,3584,8,gender,64,1.0,0.027916
Qwen2.5-7B,7.0,3584,8,gender,128,1.0,0.035319
Qwen2.5-7B,7.0,3584,8,gender,256,1.0,0.047089
Qwen2.5-7B,7.0,3584,8,gender,512,1.0,0.063398
Qwen3-0.6B-Base,0.6,1024,0,age_bin,1024,1.0,-0.039639
Qwen3-0.6B-Base,0.6,1024,0,age_bin,32,1.0,-0.048249
Qwen3-0.6B-Base,0.6,1024,0,age_bin,64,1.0,-0.04694
Qwen3-0.6B-Base,0.6,1024,0,age_bin,128,1.0,-0.045419
Qwen3-0.6B-Base,0.6,1024,0,age_bin,256,1.0,-0.044078
Qwen3-0.6B-Base,0.6,1024,0,age_bin,512,1.0,-0.042775
Qwen3-0.6B-Base,0.6,1024,0,gender,1024,1.0,0.008208
Qwen3-0.6B-Base,0.6,1024,0,gender,32,1.0,0.002008
Qwen3-0.6B-Base,0.6,1024,0,gender,64,1.0,0.00255
Qwen3-0.6B-Base,0.6,1024,0,gender,128,1.0,0.003575
Qwen3-0.6B-Base,0.6,1024,0,gender,256,1.0,0.004681
Qwen3-0.6B-Base,0.6,1024,0,gender,512,1.0,0.005639
Qwen3-0.6B-Base,0.6,1024,12,age_bin,1024,1.0,0.024012
Qwen3-0.6B-Base,0.6,1024,12,age_bin,32,1.0,-0.036882
Qwen3-0.6B-Base,0.6,1024,12,age_bin,64,1.0,-0.029265
Qwen3-0.6B-Base,0.6,1024,12,age_bin,128,1.0,-0.013558
Qwen3-0.6B-Base,0.6,1024,12,age_bin,256,1.0,-0.000938
Qwen3-0.6B-Base,0.6,1024,12,age_bin,512,1.0,0.008402
Qwen3-0.6B-Base,0.6,1024,12,gender,1024,1.0,0.066842
Qwen3-0.6B-Base,0.6,1024,12,gender,32,1.0,0.015902
Qwen3-0.6B-Base,0.6,1024,12,gender,64,1.0,0.022527
Qwen3-0.6B-Base,0.6,1024,12,gender,128,1.0,0.031828
Qwen3-0.6B-Base,0.6,1024,12,gender,256,1.0,0.042278
Qwen3-0.6B-Base,0.6,1024,12,gender,512,1.0,0.050844
Qwen3-0.6B-Base,0.6,1024,16,age_bin,1024,1.0,0.026517
Qwen3-0.6B-Base,0.6,1024,16,age_bin,32,1.0,-0.028099
Qwen3-0.6B-Base,0.6,1024,16,age_bin,64,1.0,-0.021486
Qwen3-0.6B-Base,0.6,1024,16,age_bin,128,1.0,-0.010443
Qwen3-0.6B-Base,0.6,1024,16,age_bin,256,1.0,0.000185
Qwen3-0.6B-Base,0.6,1024,16,age_bin,512,1.0,0.008047
Qwen3-0.6B-Base,0.6,1024,16,gender,1024,1.0,0.064704
Qwen3-0.6B-Base,0.6,1024,16,gender,32,1.0,0.022275
Qwen3-0.6B-Base,0.6,1024,16,gender,64,1.0,0.027735
Qwen3-0.6B-Base,0.6,1024,16,gender,128,1.0,0.031549
Qwen3-0.6B-Base,0.6,1024,16,gender,256,1.0,0.040653
Qwen3-0.6B-Base,0.6,1024,16,gender,512,1.0,0.049603
Qwen3-0.6B-Base,0.6,1024,20,age_bin,1024,1.0,0.042883
Qwen3-0.6B-Base,0.6,1024,20,age_bin,32,1.0,-0.016054
Qwen3-0.6B-Base,0.6,1024,20,age_bin,64,1.0,-0.01229
Qwen3-0.6B-Base,0.6,1024,20,age_bin,128,1.0,-0.007047
Qwen3-0.6B-Base,0.6,1024,20,age_bin,256,1.0,0.004826
Qwen3-0.6B-Base,0.6,1024,20,age_bin,512,1.0,0.014577
Qwen3-0.6B-Base,0.6,1024,20,gender,1024,1.0,0.072508
Qwen3-0.6B-Base,0.6,1024,20,gender,32,1.0,0.025119
Qwen3-0.6B-Base,0.6,1024,20,gender,64,1.0,0.028776
Qwen3-0.6B-Base,0.6,1024,20,gender,128,1.0,0.033977
Qwen3-0.6B-Base,0.6,1024,20,gender,256,1.0,0.04183
Qwen3-0.6B-Base,0.6,1024,20,gender,512,1.0,0.051628
Qwen3-0.6B-Base,0.6,1024,24,age_bin,1024,1.0,0.046075
Qwen3-0.6B-Base,0.6,1024,24,age_bin,32,1.0,-0.013978
Qwen3-0.6B-Base,0.6,1024,24,age_bin,64,1.0,-0.006777
Qwen3-0.6B-Base,0.6,1024,24,age_bin,128,1.0,0.000855
Qwen3-0.6B-Base,0.6,1024,24,age_bin,256,1.0,0.006886
Qwen3-0.6B-Base,0.6,1024,24,age_bin,512,1.0,0.014838
Qwen3-0.6B-Base,0.6,1024,24,gender,1024,1.0,0.083737
Qwen3-0.6B-Base,0.6,1024,24,gender,32,1.0,0.03344
Qwen3-0.6B-Base,0.6,1024,24,gender,64,1.0,0.038625
Qwen3-0.6B-Base,0.6,1024,24,gender,128,1.0,0.043473
Qwen3-0.6B-Base,0.6,1024,24,gender,256,1.0,0.04908
Qwen3-0.6B-Base,0.6,1024,24,gender,512,1.0,0.054084
Qwen3-0.6B-Base,0.6,1024,28,age_bin,1024,1.0,0.067542
Qwen3-0.6B-Base,0.6,1024,28,age_bin,32,1.0,-0.010868
Qwen3-0.6B-Base,0.6,1024,28,age_bin,64,1.0,0.002089
Qwen3-0.6B-Base,0.6,1024,28,age_bin,128,1.0,0.013478
Qwen3-0.6B-Base,0.6,1024,28,age_bin,256,1.0,0.020258
Qwen3-0.6B-Base,0.6,1024,28,age_bin,512,1.0,0.025573
Qwen3-0.6B-Base,0.6,1024,28,gender,1024,1.0,0.106696
Qwen3-0.6B-Base,0.6,1024,28,gender,32,1.0,0.039337
Qwen3-0.6B-Base,0.6,1024,28,gender,64,1.0,0.0505
Qwen3-0.6B-Base,0.6,1024,28,gender,128,1.0,0.057472
Qwen3-0.6B-Base,0.6,1024,28,gender,256,1.0,0.061511
Qwen3-0.6B-Base,0.6,1024,28,gender,512,1.0,0.065559
Qwen3-0.6B-Base,0.6,1024,4,age_bin,1024,1.0,0.006293
Qwen3-0.6B-Base,0.6,1024,4,age_bin,32,1.0,-0.039726
Qwen3-0.6B-Base,0.6,1024,4,age_bin,64,1.0,-0.033717
Qwen3-0.6B-Base,0.6,1024,4,age_bin,128,1.0,-0.022728
Qwen3-0.6B-Base,0.6,1024,4,age_bin,256,1.0,-0.014221
Qwen3-0.6B-Base,0.6,1024,4,age_bin,512,1.0,-0.007486
Qwen3-0.6B-Base,0.6,1024,4,gender,1024,1.0,0.047269
Qwen3-0.6B-Base,0.6,1024,4,gender,32,1.0,0.007049
Qwen3-0.6B-Base,0.6,1024,4,gender,64,1.0,0.012316
Qwen3-0.6B-Base,0.6,1024,4,gender,128,1.0,0.020249
Qwen3-0.6B-Base,0.6,1024,4,gender,256,1.0,0.029378
Qwen3-0.6B-Base,0.6,1024,4,gender,512,1.0,0.036991
Qwen3-0.6B-Base,0.6,1024,8,age_bin,1024,1.0,0.000908
Qwen3-0.6B-Base,0.6,1024,8,age_bin,32,1.0,-0.039323
Qwen3-0.6B-Base,0.6,1024,8,age_bin,64,1.0,-0.034942
Qwen3-0.6B-Base,0.6,1024,8,age_bin,128,1.0,-0.027256
Qwen3-0.6B-Base,0.6,1024,8,age_bin,256,1.0,-0.016439
Qwen3-0.6B-Base,0.6,1024,8,age_bin,512,1.0,-0.009069
Qwen3-0.6B-Base,0.6,1024,8,gender,1024,1.0,0.052823
Qwen3-0.6B-Base,0.6,1024,8,gender,32,1.0,0.010653
Qwen3-0.6B-Base,0.6,1024,8,gender,64,1.0,0.016679
Qwen3-0.6B-Base,0.6,1024,8,gender,128,1.0,0.024028
Qwen3-0.6B-Base,0.6,1024,8,gender,256,1.0,0.033925
Qwen3-0.6B-Base,0.6,1024,8,gender,512,1.0,0.040134
Qwen3-1.7B-Base,1.7,2048,0,age_bin,2048,1.0,-0.038024
Qwen3-1.7B-Base,1.7,2048,0,age_bin,32,1.0,-0.047932
Qwen3-1.7B-Base,1.7,2048,0,age_bin,64,1.0,-0.047008
Qwen3-1.7B-Base,1.7,2048,0,age_bin,128,1.0,-0.045457
Qwen3-1.7B-Base,1.7,2048,0,age_bin,256,1.0,-0.043981
Qwen3-1.7B-Base,1.7,2048,0,age_bin,512,1.0,-0.042611
Qwen3-1.7B-Base,1.7,2048,0,gender,2048,1.0,0.009488
Qwen3-1.7B-Base,1.7,2048,0,gender,32,1.0,0.002008
Qwen3-1.7B-Base,1.7,2048,0,gender,64,1.0,0.002499
Qwen3-1.7B-Base,1.7,2048,0,gender,128,1.0,0.003329
Qwen3-1.7B-Base,1.7,2048,0,gender,256,1.0,0.004669
Qwen3-1.7B-Base,1.7,2048,0,gender,512,1.0,0.005615
Qwen3-1.7B-Base,1.7,2048,12,age_bin,2048,1.0,0.076537
Qwen3-1.7B-Base,1.7,2048,12,age_bin,32,1.0,-0.025762
Qwen3-1.7B-Base,1.7,2048,12,age_bin,64,1.0,-0.014633
Qwen3-1.7B-Base,1.7,2048,12,age_bin,128,1.0,-0.000568
Qwen3-1.7B-Base,1.7,2048,12,age_bin,256,1.0,0.018277
Qwen3-1.7B-Base,1.7,2048,12,age_bin,512,1.0,0.030243
Qwen3-1.7B-Base,1.7,2048,12,gender,2048,1.0,0.114734
Qwen3-1.7B-Base,1.7,2048,12,gender,32,1.0,0.027886
Qwen3-1.7B-Base,1.7,2048,12,gender,64,1.0,0.032974
Qwen3-1.7B-Base,1.7,2048,12,gender,128,1.0,0.042555
Qwen3-1.7B-Base,1.7,2048,12,gender,256,1.0,0.063707
Qwen3-1.7B-Base,1.7,2048,12,gender,512,1.0,0.075004
Qwen3-1.7B-Base,1.7,2048,16,age_bin,2048,1.0,0.074979
Qwen3-1.7B-Base,1.7,2048,16,age_bin,32,1.0,-0.015423
Qwen3-1.7B-Base,1.7,2048,16,age_bin,64,1.0,-0.002964
Qwen3-1.7B-Base,1.7,2048,16,age_bin,128,1.0,0.006616
Qwen3-1.7B-Base,1.7,2048,16,age_bin,256,1.0,0.019501
Qwen3-1.7B-Base,1.7,2048,16,age_bin,512,1.0,0.030177
Qwen3-1.7B-Base,1.7,2048,16,gender,2048,1.0,0.10697
Qwen3-1.7B-Base,1.7,2048,16,gender,32,1.0,0.030837
Qwen3-1.7B-Base,1.7,2048,16,gender,64,1.0,0.036976
Qwen3-1.7B-Base,1.7,2048,16,gender,128,1.0,0.044163
Qwen3-1.7B-Base,1.7,2048,16,gender,256,1.0,0.060699
Qwen3-1.7B-Base,1.7,2048,16,gender,512,1.0,0.073215
Qwen3-1.7B-Base,1.7,2048,20,age_bin,2048,1.0,0.095746
Qwen3-1.7B-Base,1.7,2048,20,age_bin,32,1.0,-0.005867
Qwen3-1.7B-Base,1.7,2048,20,age_bin,64,1.0,0.00072
Qwen3-1.7B-Base,1.7,2048,20,age_bin,128,1.0,0.012457
Qwen3-1.7B-Base,1.7,2048,20,age_bin,256,1.0,0.028453
Qwen3-1.7B-Base,1.7,2048,20,age_bin,512,1.0,0.038463
Qwen3-1.7B-Base,1.7,2048,20,gender,2048,1.0,0.112291
Qwen3-1.7B-Base,1.7,2048,20,gender,32,1.0,0.029543
Qwen3-1.7B-Base,1.7,2048,20,gender,64,1.0,0.036706
Qwen3-1.7B-Base,1.7,2048,20,gender,128,1.0,0.042207
Qwen3-1.7B-Base,1.7,2048,20,gender,256,1.0,0.053814
Qwen3-1.7B-Base,1.7,2048,20,gender,512,1.0,0.071196
Qwen3-1.7B-Base,1.7,2048,24,age_bin,2048,1.0,0.099227
Qwen3-1.7B-Base,1.7,2048,24,age_bin,32,1.0,-0.003051
Qwen3-1.7B-Base,1.7,2048,24,age_bin,64,1.0,0.010023
Qwen3-1.7B-Base,1.7,2048,24,age_bin,128,1.0,0.021649
Qwen3-1.7B-Base,1.7,2048,24,age_bin,256,1.0,0.030378
Qwen3-1.7B-Base,1.7,2048,24,age_bin,512,1.0,0.038403
Qwen3-1.7B-Base,1.7,2048,24,gender,2048,1.0,0.123157
Qwen3-1.7B-Base,1.7,2048,24,gender,32,1.0,0.041539
Qwen3-1.7B-Base,1.7,2048,24,gender,64,1.0,0.050448
Qwen3-1.7B-Base,1.7,2048,24,gender,128,1.0,0.056496
Qwen3-1.7B-Base,1.7,2048,24,gender,256,1.0,0.064332
Qwen3-1.7B-Base,1.7,2048,24,gender,512,1.0,0.071855
Qwen3-1.7B-Base,1.7,2048,28,age_bin,2048,1.0,0.112309
Qwen3-1.7B-Base,1.7,2048,28,age_bin,32,1.0,-0.003728
Qwen3-1.7B-Base,1.7,2048,28,age_bin,64,1.0,0.017647
Qwen3-1.7B-Base,1.7,2048,28,age_bin,128,1.0,0.030118
Qwen3-1.7B-Base,1.7,2048,28,age_bin,256,1.0,0.039344
Qwen3-1.7B-Base,1.7,2048,28,age_bin,512,1.0,0.046256
Qwen3-1.7B-Base,1.7,2048,28,gender,2048,1.0,0.13988
Qwen3-1.7B-Base,1.7,2048,28,gender,32,1.0,0.0463
Qwen3-1.7B-Base,1.7,2048,28,gender,64,1.0,0.059623
Qwen3-1.7B-Base,1.7,2048,28,gender,128,1.0,0.068498
Qwen3-1.7B-Base,1.7,2048,28,gender,256,1.0,0.074733
Qwen3-1.7B-Base,1.7,2048,28,gender,512,1.0,0.081047
Qwen3-1.7B-Base,1.7,2048,4,age_bin,2048,1.0,0.032328
Qwen3-1.7B-Base,1.7,2048,4,age_bin,32,1.0,-0.03759
Qwen3-1.7B-Base,1.7,2048,4,age_bin,64,1.0,-0.029133
Qwen3-1.7B-Base,1.7,2048,4,age_bin,128,1.0,-0.016955
Qwen3-1.7B-Base,1.7,2048,4,age_bin,256,1.0,-0.006152
Qwen3-1.7B-Base,1.7,2048,4,age_bin,512,1.0,0.001352
Qwen3-1.7B-Base,1.7,2048,4,gender,2048,1.0,0.066108
Qwen3-1.7B-Base,1.7,2048,4,gender,32,1.0,0.009002
Qwen3-1.7B-Base,1.7,2048,4,gender,64,1.0,0.015268
Qwen3-1.7B-Base,1.7,2048,4,gender,128,1.0,0.02524
Qwen3-1.7B-Base,1.7,2048,4,gender,256,1.0,0.035747
Qwen3-1.7B-Base,1.7,2048,4,gender,512,1.0,0.043568
Qwen3-1.7B-Base,1.7,2048,8,age_bin,2048,1.0,0.030519
Qwen3-1.7B-Base,1.7,2048,8,age_bin,32,1.0,-0.035078
Qwen3-1.7B-Base,1.7,2048,8,age_bin,64,1.0,-0.02617
Qwen3-1.7B-Base,1.7,2048,8,age_bin,128,1.0,-0.0183
Qwen3-1.7B-Base,1.7,2048,8,age_bin,256,1.0,-0.007051
Qwen3-1.7B-Base,1.7,2048,8,age_bin,512,1.0,0.002108
Qwen3-1.7B-Base,1.7,2048,8,gender,2048,1.0,0.074835
Qwen3-1.7B-Base,1.7,2048,8,gender,32,1.0,0.019238
Qwen3-1.7B-Base,1.7,2048,8,gender,64,1.0,0.027325
Qwen3-1.7B-Base,1.7,2048,8,gender,128,1.0,0.032553
Qwen3-1.7B-Base,1.7,2048,8,gender,256,1.0,0.0424
Qwen3-1.7B-Base,1.7,2048,8,gender,512,1.0,0.05028
Qwen3-4B-Base,4.0,2560,0,age_bin,2560,1.0,-0.037694
Qwen3-4B-Base,4.0,2560,0,age_bin,32,1.0,-0.048029
Qwen3-4B-Base,4.0,2560,0,age_bin,64,1.0,-0.047085
Qwen3-4B-Base,4.0,2560,0,age_bin,128,1.0,-0.045672
Qwen3-4B-Base,4.0,2560,0,age_bin,256,1.0,-0.044056
Qwen3-4B-Base,4.0,2560,0,age_bin,512,1.0,-0.0427
Qwen3-4B-Base,4.0,2560,0,gender,2560,1.0,0.009756
Qwen3-4B-Base,4.0,2560,0,gender,32,1.0,0.001996
Qwen3-4B-Base,4.0,2560,0,gender,64,1.0,0.002524
Qwen3-4B-Base,4.0,2560,0,gender,128,1.0,0.003289
Qwen3-4B-Base,4.0,2560,0,gender,256,1.0,0.004612
Qwen3-4B-Base,4.0,2560,0,gender,512,1.0,0.005569
Qwen3-4B-Base,4.0,2560,12,age_bin,2560,1.0,0.086069
Qwen3-4B-Base,4.0,2560,12,age_bin,32,1.0,-0.032941
Qwen3-4B-Base,4.0,2560,12,age_bin,64,1.0,-0.020959
Qwen3-4B-Base,4.0,2560,12,age_bin,128,1.0,-0.010019
Qwen3-4B-Base,4.0,2560,12,age_bin,256,1.0,0.007564
Qwen3-4B-Base,4.0,2560,12,age_bin,512,1.0,0.023278
Qwen3-4B-Base,4.0,2560,12,gender,2560,1.0,0.127124
Qwen3-4B-Base,4.0,2560,12,gender,32,1.0,0.021106
Qwen3-4B-Base,4.0,2560,12,gender,64,1.0,0.030162
Qwen3-4B-Base,4.0,2560,12,gender,128,1.0,0.038645
Qwen3-4B-Base,4.0,2560,12,gender,256,1.0,0.054888
Qwen3-4B-Base,4.0,2560,12,gender,512,1.0,0.07093
Qwen3-4B-Base,4.0,2560,16,age_bin,2560,1.0,0.066707
Qwen3-4B-Base,4.0,2560,16,age_bin,32,1.0,-0.030834
Qwen3-4B-Base,4.0,2560,16,age_bin,64,1.0,-0.019139
Qwen3-4B-Base,4.0,2560,16,age_bin,128,1.0,-0.009213
Qwen3-4B-Base,4.0,2560,16,age_bin,256,1.0,0.004876
Qwen3-4B-Base,4.0,2560,16,age_bin,512,1.0,0.019592
Qwen3-4B-Base,4.0,2560,16,gender,2560,1.0,0.109191
Qwen3-4B-Base,4.0,2560,16,gender,32,1.0,0.023861
Qwen3-4B-Base,4.0,2560,16,gender,64,1.0,0.031912
Qwen3-4B-Base,4.0,2560,16,gender,128,1.0,0.039412
Qwen3-4B-Base,4.0,2560,16,gender,256,1.0,0.053497
Qwen3-4B-Base,4.0,2560,16,gender,512,1.0,0.066908
Qwen3-4B-Base,4.0,2560,20,age_bin,2560,1.0,0.115537
Qwen3-4B-Base,4.0,2560,20,age_bin,32,1.0,-0.016959
Qwen3-4B-Base,4.0,2560,20,age_bin,64,1.0,-0.002659
Qwen3-4B-Base,4.0,2560,20,age_bin,128,1.0,0.009386
Qwen3-4B-Base,4.0,2560,20,age_bin,256,1.0,0.030099
Qwen3-4B-Base,4.0,2560,20,age_bin,512,1.0,0.044307
Qwen3-4B-Base,4.0,2560,20,gender,2560,1.0,0.128256
Qwen3-4B-Base,4.0,2560,20,gender,32,1.0,0.027128
Qwen3-4B-Base,4.0,2560,20,gender,64,1.0,0.032105
Qwen3-4B-Base,4.0,2560,20,gender,128,1.0,0.042424
Qwen3-4B-Base,4.0,2560,20,gender,256,1.0,0.059731
Qwen3-4B-Base,4.0,2560,20,gender,512,1.0,0.077538
Qwen3-4B-Base,4.0,2560,24,age_bin,2560,1.0,0.11162
Qwen3-4B-Base,4.0,2560,24,age_bin,32,1.0,-0.012112
Qwen3-4B-Base,4.0,2560,24,age_bin,64,1.0,-0.001177
Qwen3-4B-Base,4.0,2560,24,age_bin,128,1.0,0.010407
Qwen3-4B-Base,4.0,2560,24,age_bin,256,1.0,0.029508
Qwen3-4B-Base,4.0,2560,24,age_bin,512,1.0,0.043612
Qwen3-4B-Base,4.0,2560,24,gender,2560,1.0,0.138109
Qwen3-4B-Base,4.0,2560,24,gender,32,1.0,0.029409
Qwen3-4B-Base,4.0,2560,24,gender,64,1.0,0.037451
Qwen3-4B-Base,4.0,2560,24,gender,128,1.0,0.048301
Qwen3-4B-Base,4.0,2560,24,gender,256,1.0,0.065804
Qwen3-4B-Base,4.0,2560,24,gender,512,1.0,0.082442
Qwen3-4B-Base,4.0,2560,28,age_bin,2560,1.0,0.131381
Qwen3-4B-Base,4.0,2560,28,age_bin,32,1.0,0.000378
Qwen3-4B-Base,4.0,2560,28,age_bin,64,1.0,0.012107
Qwen3-4B-Base,4.0,2560,28,age_bin,128,1.0,0.029661
Qwen3-4B-Base,4.0,2560,28,age_bin,256,1.0,0.042298
Qwen3-4B-Base,4.0,2560,28,age_bin,512,1.0,0.052455
Qwen3-4B-Base,4.0,2560,28,gender,2560,1.0,0.155555
Qwen3-4B-Base,4.0,2560,28,gender,32,1.0,0.037422
Qwen3-4B-Base,4.0,2560,28,gender,64,1.0,0.050476
Qwen3-4B-Base,4.0,2560,28,gender,128,1.0,0.06191
Qwen3-4B-Base,4.0,2560,28,gender,256,1.0,0.076625
Qwen3-4B-Base,4.0,2560,28,gender,512,1.0,0.0891
Qwen3-4B-Base,4.0,2560,32,age_bin,2560,1.0,0.135907
Qwen3-4B-Base,4.0,2560,32,age_bin,32,1.0,0.004508
Qwen3-4B-Base,4.0,2560,32,age_bin,64,1.0,0.022384
Qwen3-4B-Base,4.0,2560,32,age_bin,128,1.0,0.035369
Qwen3-4B-Base,4.0,2560,32,age_bin,256,1.0,0.045957
Qwen3-4B-Base,4.0,2560,32,age_bin,512,1.0,0.053844
Qwen3-4B-Base,4.0,2560,32,gender,2560,1.0,0.153238
Qwen3-4B-Base,4.0,2560,32,gender,32,1.0,0.046473
Qwen3-4B-Base,4.0,2560,32,gender,64,1.0,0.05616
Qwen3-4B-Base,4.0,2560,32,gender,128,1.0,0.067507
Qwen3-4B-Base,4.0,2560,32,gender,256,1.0,0.075386
Qwen3-4B-Base,4.0,2560,32,gender,512,1.0,0.086331
Qwen3-4B-Base,4.0,2560,36,age_bin,2560,1.0,0.140789
Qwen3-4B-Base,4.0,2560,36,age_bin,32,1.0,-0.001943
Qwen3-4B-Base,4.0,2560,36,age_bin,64,1.0,0.02171
Qwen3-4B-Base,4.0,2560,36,age_bin,128,1.0,0.039459
Qwen3-4B-Base,4.0,2560,36,age_bin,256,1.0,0.050406
Qwen3-4B-Base,4.0,2560,36,age_bin,512,1.0,0.059283
Qwen3-4B-Base,4.0,2560,36,gender,2560,1.0,0.166559
Qwen3-4B-Base,4.0,2560,36,gender,32,1.0,0.048111
Qwen3-4B-Base,4.0,2560,36,gender,64,1.0,0.06578
Qwen3-4B-Base,4.0,2560,36,gender,128,1.0,0.075799
Qwen3-4B-Base,4.0,2560,36,gender,256,1.0,0.084902
Qwen3-4B-Base,4.0,2560,36,gender,512,1.0,0.093323
Qwen3-4B-Base,4.0,2560,4,age_bin,2560,1.0,0.037808
Qwen3-4B-Base,4.0,2560,4,age_bin,32,1.0,-0.037709
Qwen3-4B-Base,4.0,2560,4,age_bin,64,1.0,-0.028269
Qwen3-4B-Base,4.0,2560,4,age_bin,128,1.0,-0.019734
Qwen3-4B-Base,4.0,2560,4,age_bin,256,1.0,-0.013328
Qwen3-4B-Base,4.0,2560,4,age_bin,512,1.0,-0.005816
Qwen3-4B-Base,4.0,2560,4,gender,2560,1.0,0.079508
Qwen3-4B-Base,4.0,2560,4,gender,32,1.0,0.008839
Qwen3-4B-Base,4.0,2560,4,gender,64,1.0,0.015152
Qwen3-4B-Base,4.0,2560,4,gender,128,1.0,0.023032
Qwen3-4B-Base,4.0,2560,4,gender,256,1.0,0.031122
Qwen3-4B-Base,4.0,2560,4,gender,512,1.0,0.040893
Qwen3-4B-Base,4.0,2560,8,age_bin,2560,1.0,0.034036
Qwen3-4B-Base,4.0,2560,8,age_bin,32,1.0,-0.038902
Qwen3-4B-Base,4.0,2560,8,age_bin,64,1.0,-0.03119
Qwen3-4B-Base,4.0,2560,8,age_bin,128,1.0,-0.019888
Qwen3-4B-Base,4.0,2560,8,age_bin,256,1.0,-0.012415
Qwen3-4B-Base,4.0,2560,8,age_bin,512,1.0,-0.002139
Qwen3-4B-Base,4.0,2560,8,gender,2560,1.0,0.073027
Qwen3-4B-Base,4.0,2560,8,gender,32,1.0,0.010488
Qwen3-4B-Base,4.0,2560,8,gender,64,1.0,0.016826
Qwen3-4B-Base,4.0,2560,8,gender,128,1.0,0.025941
Qwen3-4B-Base,4.0,2560,8,gender,256,1.0,0.03295
Qwen3-4B-Base,4.0,2560,8,gender,512,1.0,0.042544
Qwen3-8B-Base,8.0,4096,0,age_bin,4096,1.0,-0.037322
Qwen3-8B-Base,8.0,4096,0,age_bin,32,1.0,-0.048544
Qwen3-8B-Base,8.0,4096,0,age_bin,64,1.0,-0.047202
Qwen3-8B-Base,8.0,4096,0,age_bin,128,1.0,-0.046112
Qwen3-8B-Base,8.0,4096,0,age_bin,256,1.0,-0.044523
Qwen3-8B-Base,8.0,4096,0,age_bin,512,1.0,-0.043131
Qwen3-8B-Base,8.0,4096,0,gender,4096,1.0,0.010254
Qwen3-8B-Base,8.0,4096,0,gender,32,1.0,0.001646
Qwen3-8B-Base,8.0,4096,0,gender,64,1.0,0.002423
Qwen3-8B-Base,8.0,4096,0,gender,128,1.0,0.003188
Qwen3-8B-Base,8.0,4096,0,gender,256,1.0,0.004487
Qwen3-8B-Base,8.0,4096,0,gender,512,1.0,0.00545
Qwen3-8B-Base,8.0,4096,12,age_bin,4096,1.0,0.131965
Qwen3-8B-Base,8.0,4096,12,age_bin,32,1.0,-0.029139
Qwen3-8B-Base,8.0,4096,12,age_bin,64,1.0,-0.012439
Qwen3-8B-Base,8.0,4096,12,age_bin,128,1.0,0.00246
Qwen3-8B-Base,8.0,4096,12,age_bin,256,1.0,0.023029
Qwen3-8B-Base,8.0,4096,12,age_bin,512,1.0,0.041173
Qwen3-8B-Base,8.0,4096,12,gender,4096,1.0,0.175767
Qwen3-8B-Base,8.0,4096,12,gender,32,1.0,0.025244
Qwen3-8B-Base,8.0,4096,12,gender,64,1.0,0.034191
Qwen3-8B-Base,8.0,4096,12,gender,128,1.0,0.047584
Qwen3-8B-Base,8.0,4096,12,gender,256,1.0,0.067605
Qwen3-8B-Base,8.0,4096,12,gender,512,1.0,0.091349
Qwen3-8B-Base,8.0,4096,16,age_bin,4096,1.0,0.108474
Qwen3-8B-Base,8.0,4096,16,age_bin,32,1.0,-0.024576
Qwen3-8B-Base,8.0,4096,16,age_bin,64,1.0,-0.009474
Qwen3-8B-Base,8.0,4096,16,age_bin,128,1.0,0.003149
Qwen3-8B-Base,8.0,4096,16,age_bin,256,1.0,0.019092
Qwen3-8B-Base,8.0,4096,16,age_bin,512,1.0,0.035314
Qwen3-8B-Base,8.0,4096,16,gender,4096,1.0,0.146225
Qwen3-8B-Base,8.0,4096,16,gender,32,1.0,0.031978
Qwen3-8B-Base,8.0,4096,16,gender,64,1.0,0.038658
Qwen3-8B-Base,8.0,4096,16,gender,128,1.0,0.050104
Qwen3-8B-Base,8.0,4096,16,gender,256,1.0,0.065688
Qwen3-8B-Base,8.0,4096,16,gender,512,1.0,0.08195
Qwen3-8B-Base,8.0,4096,20,age_bin,4096,1.0,0.157386
Qwen3-8B-Base,8.0,4096,20,age_bin,32,1.0,-0.006641
Qwen3-8B-Base,8.0,4096,20,age_bin,64,1.0,0.008906
Qwen3-8B-Base,8.0,4096,20,age_bin,128,1.0,0.026498
Qwen3-8B-Base,8.0,4096,20,age_bin,256,1.0,0.044775
Qwen3-8B-Base,8.0,4096,20,age_bin,512,1.0,0.060487
Qwen3-8B-Base,8.0,4096,20,gender,4096,1.0,0.17338
Qwen3-8B-Base,8.0,4096,20,gender,32,1.0,0.030137
Qwen3-8B-Base,8.0,4096,20,gender,64,1.0,0.042738
Qwen3-8B-Base,8.0,4096,20,gender,128,1.0,0.053793
Qwen3-8B-Base,8.0,4096,20,gender,256,1.0,0.075908
Qwen3-8B-Base,8.0,4096,20,gender,512,1.0,0.095206
Qwen3-8B-Base,8.0,4096,24,age_bin,4096,1.0,0.153475
Qwen3-8B-Base,8.0,4096,24,age_bin,32,1.0,-0.004909
Qwen3-8B-Base,8.0,4096,24,age_bin,64,1.0,0.008593
Qwen3-8B-Base,8.0,4096,24,age_bin,128,1.0,0.027426
Qwen3-8B-Base,8.0,4096,24,age_bin,256,1.0,0.044707
Qwen3-8B-Base,8.0,4096,24,age_bin,512,1.0,0.059308
Qwen3-8B-Base,8.0,4096,24,gender,4096,1.0,0.181621
Qwen3-8B-Base,8.0,4096,24,gender,32,1.0,0.033532
Qwen3-8B-Base,8.0,4096,24,gender,64,1.0,0.045616
Qwen3-8B-Base,8.0,4096,24,gender,128,1.0,0.058648
Qwen3-8B-Base,8.0,4096,24,gender,256,1.0,0.081858
Qwen3-8B-Base,8.0,4096,24,gender,512,1.0,0.100487
Qwen3-8B-Base,8.0,4096,28,age_bin,4096,1.0,0.179406
Qwen3-8B-Base,8.0,4096,28,age_bin,32,1.0,0.010743
Qwen3-8B-Base,8.0,4096,28,age_bin,64,1.0,0.029777
Qwen3-8B-Base,8.0,4096,28,age_bin,128,1.0,0.047412
Qwen3-8B-Base,8.0,4096,28,age_bin,256,1.0,0.061858
Qwen3-8B-Base,8.0,4096,28,age_bin,512,1.0,0.072046
Qwen3-8B-Base,8.0,4096,28,gender,4096,1.0,0.205788
Qwen3-8B-Base,8.0,4096,28,gender,32,1.0,0.049457
Qwen3-8B-Base,8.0,4096,28,gender,64,1.0,0.065737
Qwen3-8B-Base,8.0,4096,28,gender,128,1.0,0.08248
Qwen3-8B-Base,8.0,4096,28,gender,256,1.0,0.099716
Qwen3-8B-Base,8.0,4096,28,gender,512,1.0,0.11175
Qwen3-8B-Base,8.0,4096,32,age_bin,4096,1.0,0.182617
Qwen3-8B-Base,8.0,4096,32,age_bin,32,1.0,0.013329
Qwen3-8B-Base,8.0,4096,32,age_bin,64,1.0,0.040305
Qwen3-8B-Base,8.0,4096,32,age_bin,128,1.0,0.053233
Qwen3-8B-Base,8.0,4096,32,age_bin,256,1.0,0.064915
Qwen3-8B-Base,8.0,4096,32,age_bin,512,1.0,0.073535
Qwen3-8B-Base,8.0,4096,32,gender,4096,1.0,0.200845
Qwen3-8B-Base,8.0,4096,32,gender,32,1.0,0.054413
Qwen3-8B-Base,8.0,4096,32,gender,64,1.0,0.068469
Qwen3-8B-Base,8.0,4096,32,gender,128,1.0,0.08376
Qwen3-8B-Base,8.0,4096,32,gender,256,1.0,0.09603
Qwen3-8B-Base,8.0,4096,32,gender,512,1.0,0.109356
Qwen3-8B-Base,8.0,4096,36,age_bin,4096,1.0,0.178861
Qwen3-8B-Base,8.0,4096,36,age_bin,32,1.0,0.001564
Qwen3-8B-Base,8.0,4096,36,age_bin,64,1.0,0.033073
Qwen3-8B-Base,8.0,4096,36,age_bin,128,1.0,0.053429
Qwen3-8B-Base,8.0,4096,36,age_bin,256,1.0,0.065986
Qwen3-8B-Base,8.0,4096,36,age_bin,512,1.0,0.076028
Qwen3-8B-Base,8.0,4096,36,gender,4096,1.0,0.200623
Qwen3-8B-Base,8.0,4096,36,gender,32,1.0,0.053966
Qwen3-8B-Base,8.0,4096,36,gender,64,1.0,0.070481
Qwen3-8B-Base,8.0,4096,36,gender,128,1.0,0.086494
Qwen3-8B-Base,8.0,4096,36,gender,256,1.0,0.098601
Qwen3-8B-Base,8.0,4096,36,gender,512,1.0,0.109126
Qwen3-8B-Base,8.0,4096,4,age_bin,4096,1.0,0.055673
Qwen3-8B-Base,8.0,4096,4,age_bin,32,1.0,-0.037713
Qwen3-8B-Base,8.0,4096,4,age_bin,64,1.0,-0.025663
Qwen3-8B-Base,8.0,4096,4,age_bin,128,1.0,-0.017736
Qwen3-8B-Base,8.0,4096,4,age_bin,256,1.0,-0.011147
Qwen3-8B-Base,8.0,4096,4,age_bin,512,1.0,-0.001557
Qwen3-8B-Base,8.0,4096,4,gender,4096,1.0,0.095026
Qwen3-8B-Base,8.0,4096,4,gender,32,1.0,0.008722
Qwen3-8B-Base,8.0,4096,4,gender,64,1.0,0.016718
Qwen3-8B-Base,8.0,4096,4,gender,128,1.0,0.024418
Qwen3-8B-Base,8.0,4096,4,gender,256,1.0,0.034799
Qwen3-8B-Base,8.0,4096,4,gender,512,1.0,0.04591
Qwen3-8B-Base,8.0,4096,8,age_bin,4096,1.0,0.053999
Qwen3-8B-Base,8.0,4096,8,age_bin,32,1.0,-0.038272
Qwen3-8B-Base,8.0,4096,8,age_bin,64,1.0,-0.030148
Qwen3-8B-Base,8.0,4096,8,age_bin,128,1.0,-0.01771
Qwen3-8B-Base,8.0,4096,8,age_bin,256,1.0,-0.00718
Qwen3-8B-Base,8.0,4096,8,age_bin,512,1.0,0.004497
Qwen3-8B-Base,8.0,4096,8,gender,4096,1.0,0.086278
Qwen3-8B-Base,8.0,4096,8,gender,32,1.0,0.011752
Qwen3-8B-Base,8.0,4096,8,gender,64,1.0,0.018921
Qwen3-8B-Base,8.0,4096,8,gender,128,1.0,0.027849
Qwen3-8B-Base,8.0,4096,8,gender,256,1.0,0.038422
Qwen3-8B-Base,8.0,4096,8,gender,512,1.0,0.049268
gemma-3-12b-pt,12.0,3840,0,age_bin,3840,1.0,-0.035933
gemma-3-12b-pt,12.0,3840,0,age_bin,32,1.0,-0.047578
gemma-3-12b-pt,12.0,3840,0,age_bin,64,1.0,-0.04614
gemma-3-12b-pt,12.0,3840,0,age_bin,128,1.0,-0.044472
gemma-3-12b-pt,12.0,3840,0,age_bin,256,1.0,-0.042925
gemma-3-12b-pt,12.0,3840,0,age_bin,512,1.0,-0.041905
gemma-3-12b-pt,12.0,3840,0,gender,3840,1.0,0.011699
gemma-3-12b-pt,12.0,3840,0,gender,32,1.0,0.002165
gemma-3-12b-pt,12.0,3840,0,gender,64,1.0,0.003282
gemma-3-12b-pt,12.0,3840,0,gender,128,1.0,0.004563
gemma-3-12b-pt,12.0,3840,0,gender,256,1.0,0.005658
gemma-3-12b-pt,12.0,3840,0,gender,512,1.0,0.006329
gemma-3-12b-pt,12.0,3840,12,age_bin,3840,1.0,0.136288
gemma-3-12b-pt,12.0,3840,12,age_bin,32,1.0,-0.032837
gemma-3-12b-pt,12.0,3840,12,age_bin,64,1.0,-0.022641
gemma-3-12b-pt,12.0,3840,12,age_bin,128,1.0,-0.008509
gemma-3-12b-pt,12.0,3840,12,age_bin,256,1.0,0.012564
gemma-3-12b-pt,12.0,3840,12,age_bin,512,1.0,0.04092
gemma-3-12b-pt,12.0,3840,12,gender,3840,1.0,0.163193
gemma-3-12b-pt,12.0,3840,12,gender,32,1.0,0.01691
gemma-3-12b-pt,12.0,3840,12,gender,64,1.0,0.02593
gemma-3-12b-pt,12.0,3840,12,gender,128,1.0,0.033364
gemma-3-12b-pt,12.0,3840,12,gender,256,1.0,0.051831
gemma-3-12b-pt,12.0,3840,12,gender,512,1.0,0.086514
gemma-3-12b-pt,12.0,3840,16,age_bin,3840,1.0,0.116182
gemma-3-12b-pt,12.0,3840,16,age_bin,32,1.0,-0.023205
gemma-3-12b-pt,12.0,3840,16,age_bin,64,1.0,-0.008339
gemma-3-12b-pt,12.0,3840,16,age_bin,128,1.0,0.005948
gemma-3-12b-pt,12.0,3840,16,age_bin,256,1.0,0.022624
gemma-3-12b-pt,12.0,3840,16,age_bin,512,1.0,0.037408
gemma-3-12b-pt,12.0,3840,16,gender,3840,1.0,0.136924
gemma-3-12b-pt,12.0,3840,16,gender,32,1.0,0.033188
gemma-3-12b-pt,12.0,3840,16,gender,64,1.0,0.038109
gemma-3-12b-pt,12.0,3840,16,gender,128,1.0,0.048559
gemma-3-12b-pt,12.0,3840,16,gender,256,1.0,0.064342
gemma-3-12b-pt,12.0,3840,16,gender,512,1.0,0.079127
gemma-3-12b-pt,12.0,3840,20,age_bin,3840,1.0,0.183033
gemma-3-12b-pt,12.0,3840,20,age_bin,32,1.0,0.004457
gemma-3-12b-pt,12.0,3840,20,age_bin,64,1.0,0.023966
gemma-3-12b-pt,12.0,3840,20,age_bin,128,1.0,0.045066
gemma-3-12b-pt,12.0,3840,20,age_bin,256,1.0,0.060312
gemma-3-12b-pt,12.0,3840,20,age_bin,512,1.0,0.073161
gemma-3-12b-pt,12.0,3840,20,gender,3840,1.0,0.211414
gemma-3-12b-pt,12.0,3840,20,gender,32,1.0,0.03877
gemma-3-12b-pt,12.0,3840,20,gender,64,1.0,0.058499
gemma-3-12b-pt,12.0,3840,20,gender,128,1.0,0.078001
gemma-3-12b-pt,12.0,3840,20,gender,256,1.0,0.105703
gemma-3-12b-pt,12.0,3840,20,gender,512,1.0,0.117668
gemma-3-12b-pt,12.0,3840,24,age_bin,3840,1.0,0.22429
gemma-3-12b-pt,12.0,3840,24,age_bin,32,1.0,0.022008
gemma-3-12b-pt,12.0,3840,24,age_bin,64,1.0,0.051542
gemma-3-12b-pt,12.0,3840,24,age_bin,128,1.0,0.068182
gemma-3-12b-pt,12.0,3840,24,age_bin,256,1.0,0.084382
gemma-3-12b-pt,12.0,3840,24,age_bin,512,1.0,0.097167
gemma-3-12b-pt,12.0,3840,24,gender,3840,1.0,0.271735
gemma-3-12b-pt,12.0,3840,24,gender,32,1.0,0.045957
gemma-3-12b-pt,12.0,3840,24,gender,64,1.0,0.074581
gemma-3-12b-pt,12.0,3840,24,gender,128,1.0,0.127161
gemma-3-12b-pt,12.0,3840,24,gender,256,1.0,0.145886
gemma-3-12b-pt,12.0,3840,24,gender,512,1.0,0.154442
gemma-3-12b-pt,12.0,3840,28,age_bin,3840,1.0,0.221606
gemma-3-12b-pt,12.0,3840,28,age_bin,32,1.0,0.021943
gemma-3-12b-pt,12.0,3840,28,age_bin,64,1.0,0.048617
gemma-3-12b-pt,12.0,3840,28,age_bin,128,1.0,0.067251
gemma-3-12b-pt,12.0,3840,28,age_bin,256,1.0,0.085329
gemma-3-12b-pt,12.0,3840,28,age_bin,512,1.0,0.097398
gemma-3-12b-pt,12.0,3840,28,gender,3840,1.0,0.251092
gemma-3-12b-pt,12.0,3840,28,gender,32,1.0,0.044119
gemma-3-12b-pt,12.0,3840,28,gender,64,1.0,0.072715
gemma-3-12b-pt,12.0,3840,28,gender,128,1.0,0.107906
gemma-3-12b-pt,12.0,3840,28,gender,256,1.0,0.135494
gemma-3-12b-pt,12.0,3840,28,gender,512,1.0,0.146352
gemma-3-12b-pt,12.0,3840,32,age_bin,3840,1.0,0.211863
gemma-3-12b-pt,12.0,3840,32,age_bin,32,1.0,0.022579
gemma-3-12b-pt,12.0,3840,32,age_bin,64,1.0,0.043833
gemma-3-12b-pt,12.0,3840,32,age_bin,128,1.0,0.060758
gemma-3-12b-pt,12.0,3840,32,age_bin,256,1.0,0.080885
gemma-3-12b-pt,12.0,3840,32,age_bin,512,1.0,0.092899
gemma-3-12b-pt,12.0,3840,32,gender,3840,1.0,0.230831
gemma-3-12b-pt,12.0,3840,32,gender,32,1.0,0.044923
gemma-3-12b-pt,12.0,3840,32,gender,64,1.0,0.067667
gemma-3-12b-pt,12.0,3840,32,gender,128,1.0,0.093892
gemma-3-12b-pt,12.0,3840,32,gender,256,1.0,0.118639
gemma-3-12b-pt,12.0,3840,32,gender,512,1.0,0.1321
gemma-3-12b-pt,12.0,3840,36,age_bin,3840,1.0,0.208464
gemma-3-12b-pt,12.0,3840,36,age_bin,32,1.0,0.024149
gemma-3-12b-pt,12.0,3840,36,age_bin,64,1.0,0.040795
gemma-3-12b-pt,12.0,3840,36,age_bin,128,1.0,0.057683
gemma-3-12b-pt,12.0,3840,36,age_bin,256,1.0,0.076661
gemma-3-12b-pt,12.0,3840,36,age_bin,512,1.0,0.088705
gemma-3-12b-pt,12.0,3840,36,gender,3840,1.0,0.227387
gemma-3-12b-pt,12.0,3840,36,gender,32,1.0,0.042853
gemma-3-12b-pt,12.0,3840,36,gender,64,1.0,0.063528
gemma-3-12b-pt,12.0,3840,36,gender,128,1.0,0.084939
gemma-3-12b-pt,12.0,3840,36,gender,256,1.0,0.112663
gemma-3-12b-pt,12.0,3840,36,gender,512,1.0,0.128182
gemma-3-12b-pt,12.0,3840,40,age_bin,3840,1.0,0.213167
gemma-3-12b-pt,12.0,3840,40,age_bin,32,1.0,0.020584
gemma-3-12b-pt,12.0,3840,40,age_bin,64,1.0,0.046334
gemma-3-12b-pt,12.0,3840,40,age_bin,128,1.0,0.064393
gemma-3-12b-pt,12.0,3840,40,age_bin,256,1.0,0.077493
gemma-3-12b-pt,12.0,3840,40,age_bin,512,1.0,0.089088
gemma-3-12b-pt,12.0,3840,40,gender,3840,1.0,0.231313
gemma-3-12b-pt,12.0,3840,40,gender,32,1.0,0.047856
gemma-3-12b-pt,12.0,3840,40,gender,64,1.0,0.071114
gemma-3-12b-pt,12.0,3840,40,gender,128,1.0,0.090735
gemma-3-12b-pt,12.0,3840,40,gender,256,1.0,0.114377
gemma-3-12b-pt,12.0,3840,40,gender,512,1.0,0.127526
gemma-3-12b-pt,12.0,3840,44,age_bin,3840,1.0,0.223937
gemma-3-12b-pt,12.0,3840,44,age_bin,32,1.0,0.024434
gemma-3-12b-pt,12.0,3840,44,age_bin,64,1.0,0.052343
gemma-3-12b-pt,12.0,3840,44,age_bin,128,1.0,0.06915
gemma-3-12b-pt,12.0,3840,44,age_bin,256,1.0,0.082106
gemma-3-12b-pt,12.0,3840,44,age_bin,512,1.0,0.094026
gemma-3-12b-pt,12.0,3840,44,gender,3840,1.0,0.234944
gemma-3-12b-pt,12.0,3840,44,gender,32,1.0,0.044444
gemma-3-12b-pt,12.0,3840,44,gender,64,1.0,0.072047
gemma-3-12b-pt,12.0,3840,44,gender,128,1.0,0.095229
gemma-3-12b-pt,12.0,3840,44,gender,256,1.0,0.113512
gemma-3-12b-pt,12.0,3840,44,gender,512,1.0,0.126663
gemma-3-12b-pt,12.0,3840,48,age_bin,3840,1.0,0.229158
gemma-3-12b-pt,12.0,3840,48,age_bin,32,1.0,0.015476
gemma-3-12b-pt,12.0,3840,48,age_bin,64,1.0,0.045722
gemma-3-12b-pt,12.0,3840,48,age_bin,128,1.0,0.067424
gemma-3-12b-pt,12.0,3840,48,age_bin,256,1.0,0.083825
gemma-3-12b-pt,12.0,3840,48,age_bin,512,1.0,0.096783
gemma-3-12b-pt,12.0,3840,48,gender,3840,1.0,0.240963
gemma-3-12b-pt,12.0,3840,48,gender,32,1.0,0.057154
gemma-3-12b-pt,12.0,3840,48,gender,64,1.0,0.082843
gemma-3-12b-pt,12.0,3840,48,gender,128,1.0,0.098679
gemma-3-12b-pt,12.0,3840,48,gender,256,1.0,0.113254
gemma-3-12b-pt,12.0,3840,48,gender,512,1.0,0.128276
gemma-3-12b-pt,12.0,3840,4,age_bin,3840,1.0,0.026731
gemma-3-12b-pt,12.0,3840,4,age_bin,32,1.0,-0.043175
gemma-3-12b-pt,12.0,3840,4,age_bin,64,1.0,-0.041966
gemma-3-12b-pt,12.0,3840,4,age_bin,128,1.0,-0.039986
gemma-3-12b-pt,12.0,3840,4,age_bin,256,1.0,-0.01977
gemma-3-12b-pt,12.0,3840,4,age_bin,512,1.0,-0.006727
gemma-3-12b-pt,12.0,3840,4,gender,3840,1.0,0.072236
gemma-3-12b-pt,12.0,3840,4,gender,32,1.0,0.005325
gemma-3-12b-pt,12.0,3840,4,gender,64,1.0,0.006375
gemma-3-12b-pt,12.0,3840,4,gender,128,1.0,0.008336
gemma-3-12b-pt,12.0,3840,4,gender,256,1.0,0.026129
gemma-3-12b-pt,12.0,3840,4,gender,512,1.0,0.041229
gemma-3-12b-pt,12.0,3840,8,age_bin,3840,1.0,0.109564
gemma-3-12b-pt,12.0,3840,8,age_bin,32,1.0,-0.040959
gemma-3-12b-pt,12.0,3840,8,age_bin,64,1.0,-0.039614
gemma-3-12b-pt,12.0,3840,8,age_bin,128,1.0,-0.034171
gemma-3-12b-pt,12.0,3840,8,age_bin,256,1.0,0.006574
gemma-3-12b-pt,12.0,3840,8,age_bin,512,1.0,0.033578
gemma-3-12b-pt,12.0,3840,8,gender,3840,1.0,0.137859
gemma-3-12b-pt,12.0,3840,8,gender,32,1.0,0.00726
gemma-3-12b-pt,12.0,3840,8,gender,64,1.0,0.008847
gemma-3-12b-pt,12.0,3840,8,gender,128,1.0,0.012016
gemma-3-12b-pt,12.0,3840,8,gender,256,1.0,0.043595
gemma-3-12b-pt,12.0,3840,8,gender,512,1.0,0.075062
gemma-3-1b-pt,1.0,1152,0,age_bin,1152,1.0,-0.038849
gemma-3-1b-pt,1.0,1152,0,age_bin,32,1.0,-0.048252
gemma-3-1b-pt,1.0,1152,0,age_bin,64,1.0,-0.046066
gemma-3-1b-pt,1.0,1152,0,age_bin,128,1.0,-0.044448
gemma-3-1b-pt,1.0,1152,0,age_bin,256,1.0,-0.043067
gemma-3-1b-pt,1.0,1152,0,age_bin,512,1.0,-0.041998
gemma-3-1b-pt,1.0,1152,0,gender,1152,1.0,0.009284
gemma-3-1b-pt,1.0,1152,0,gender,32,1.0,0.001958
gemma-3-1b-pt,1.0,1152,0,gender,64,1.0,0.003195
gemma-3-1b-pt,1.0,1152,0,gender,128,1.0,0.004574
gemma-3-1b-pt,1.0,1152,0,gender,256,1.0,0.00562
gemma-3-1b-pt,1.0,1152,0,gender,512,1.0,0.006339
gemma-3-1b-pt,1.0,1152,12,age_bin,1152,1.0,0.099727
gemma-3-1b-pt,1.0,1152,12,age_bin,32,1.0,0.000292
gemma-3-1b-pt,1.0,1152,12,age_bin,64,1.0,0.015027
gemma-3-1b-pt,1.0,1152,12,age_bin,128,1.0,0.027591
gemma-3-1b-pt,1.0,1152,12,age_bin,256,1.0,0.03737
gemma-3-1b-pt,1.0,1152,12,age_bin,512,1.0,0.046275
gemma-3-1b-pt,1.0,1152,12,gender,1152,1.0,0.130823
gemma-3-1b-pt,1.0,1152,12,gender,32,1.0,0.027995
gemma-3-1b-pt,1.0,1152,12,gender,64,1.0,0.04278
gemma-3-1b-pt,1.0,1152,12,gender,128,1.0,0.065182
gemma-3-1b-pt,1.0,1152,12,gender,256,1.0,0.083892
gemma-3-1b-pt,1.0,1152,12,gender,512,1.0,0.095332
gemma-3-1b-pt,1.0,1152,16,age_bin,1152,1.0,0.097578
gemma-3-1b-pt,1.0,1152,16,age_bin,32,1.0,0.002765
gemma-3-1b-pt,1.0,1152,16,age_bin,64,1.0,0.015575
gemma-3-1b-pt,1.0,1152,16,age_bin,128,1.0,0.026702
gemma-3-1b-pt,1.0,1152,16,age_bin,256,1.0,0.036648
gemma-3-1b-pt,1.0,1152,16,age_bin,512,1.0,0.045811
gemma-3-1b-pt,1.0,1152,16,gender,1152,1.0,0.131011
gemma-3-1b-pt,1.0,1152,16,gender,32,1.0,0.036295
gemma-3-1b-pt,1.0,1152,16,gender,64,1.0,0.047834
gemma-3-1b-pt,1.0,1152,16,gender,128,1.0,0.064282
gemma-3-1b-pt,1.0,1152,16,gender,256,1.0,0.079642
gemma-3-1b-pt,1.0,1152,16,gender,512,1.0,0.088675
gemma-3-1b-pt,1.0,1152,20,age_bin,1152,1.0,0.078282
gemma-3-1b-pt,1.0,1152,20,age_bin,32,1.0,-0.013904
gemma-3-1b-pt,1.0,1152,20,age_bin,64,1.0,-0.003345
gemma-3-1b-pt,1.0,1152,20,age_bin,128,1.0,0.008978
gemma-3-1b-pt,1.0,1152,20,age_bin,256,1.0,0.020536
gemma-3-1b-pt,1.0,1152,20,age_bin,512,1.0,0.031461
gemma-3-1b-pt,1.0,1152,20,gender,1152,1.0,0.106017
gemma-3-1b-pt,1.0,1152,20,gender,32,1.0,0.0258
gemma-3-1b-pt,1.0,1152,20,gender,64,1.0,0.0345
gemma-3-1b-pt,1.0,1152,20,gender,128,1.0,0.043057
gemma-3-1b-pt,1.0,1152,20,gender,256,1.0,0.055218
gemma-3-1b-pt,1.0,1152,20,gender,512,1.0,0.065281
gemma-3-1b-pt,1.0,1152,24,age_bin,1152,1.0,0.099655
gemma-3-1b-pt,1.0,1152,24,age_bin,32,1.0,-0.003436
gemma-3-1b-pt,1.0,1152,24,age_bin,64,1.0,0.009324
gemma-3-1b-pt,1.0,1152,24,age_bin,128,1.0,0.01926
gemma-3-1b-pt,1.0,1152,24,age_bin,256,1.0,0.028365
gemma-3-1b-pt,1.0,1152,24,age_bin,512,1.0,0.037936
gemma-3-1b-pt,1.0,1152,24,gender,1152,1.0,0.12571
gemma-3-1b-pt,1.0,1152,24,gender,32,1.0,0.035911
gemma-3-1b-pt,1.0,1152,24,gender,64,1.0,0.047662
gemma-3-1b-pt,1.0,1152,24,gender,128,1.0,0.056513
gemma-3-1b-pt,1.0,1152,24,gender,256,1.0,0.065976
gemma-3-1b-pt,1.0,1152,24,gender,512,1.0,0.073281
gemma-3-1b-pt,1.0,1152,26,age_bin,1152,1.0,0.108944
gemma-3-1b-pt,1.0,1152,26,age_bin,32,1.0,0.001353
gemma-3-1b-pt,1.0,1152,26,age_bin,64,1.0,0.022457
gemma-3-1b-pt,1.0,1152,26,age_bin,128,1.0,0.03375
gemma-3-1b-pt,1.0,1152,26,age_bin,256,1.0,0.041897
gemma-3-1b-pt,1.0,1152,26,age_bin,512,1.0,0.050028
gemma-3-1b-pt,1.0,1152,26,gender,1152,1.0,0.137944
gemma-3-1b-pt,1.0,1152,26,gender,32,1.0,0.048258
gemma-3-1b-pt,1.0,1152,26,gender,64,1.0,0.063255
gemma-3-1b-pt,1.0,1152,26,gender,128,1.0,0.073051
gemma-3-1b-pt,1.0,1152,26,gender,256,1.0,0.079441
gemma-3-1b-pt,1.0,1152,26,gender,512,1.0,0.086895
gemma-3-1b-pt,1.0,1152,4,age_bin,1152,1.0,-0.00791
gemma-3-1b-pt,1.0,1152,4,age_bin,32,1.0,-0.04284
gemma-3-1b-pt,1.0,1152,4,age_bin,64,1.0,-0.041347
gemma-3-1b-pt,1.0,1152,4,age_bin,128,1.0,-0.038568
gemma-3-1b-pt,1.0,1152,4,age_bin,256,1.0,-0.028682
gemma-3-1b-pt,1.0,1152,4,age_bin,512,1.0,-0.019726
gemma-3-1b-pt,1.0,1152,4,gender,1152,1.0,0.039566
gemma-3-1b-pt,1.0,1152,4,gender,32,1.0,0.005857
gemma-3-1b-pt,1.0,1152,4,gender,64,1.0,0.007127
gemma-3-1b-pt,1.0,1152,4,gender,128,1.0,0.009029
gemma-3-1b-pt,1.0,1152,4,gender,256,1.0,0.019104
gemma-3-1b-pt,1.0,1152,4,gender,512,1.0,0.02759
gemma-3-1b-pt,1.0,1152,8,age_bin,1152,1.0,0.020907
gemma-3-1b-pt,1.0,1152,8,age_bin,32,1.0,-0.039344
gemma-3-1b-pt,1.0,1152,8,age_bin,64,1.0,-0.035444
gemma-3-1b-pt,1.0,1152,8,age_bin,128,1.0,-0.029914
gemma-3-1b-pt,1.0,1152,8,age_bin,256,1.0,-0.016594
gemma-3-1b-pt,1.0,1152,8,age_bin,512,1.0,0.000339
gemma-3-1b-pt,1.0,1152,8,gender,1152,1.0,0.064574
gemma-3-1b-pt,1.0,1152,8,gender,32,1.0,0.009633
gemma-3-1b-pt,1.0,1152,8,gender,64,1.0,0.013586
gemma-3-1b-pt,1.0,1152,8,gender,128,1.0,0.018023
gemma-3-1b-pt,1.0,1152,8,gender,256,1.0,0.030672
gemma-3-1b-pt,1.0,1152,8,gender,512,1.0,0.044973
gemma-3-270m,0.27,640,0,age_bin,640,1.0,-0.040078
gemma-3-270m,0.27,640,0,age_bin,32,1.0,-0.048288
gemma-3-270m,0.27,640,0,age_bin,64,1.0,-0.04592
gemma-3-270m,0.27,640,0,age_bin,128,1.0,-0.044504
gemma-3-270m,0.27,640,0,age_bin,256,1.0,-0.043243
gemma-3-270m,0.27,640,0,age_bin,512,1.0,-0.042269
gemma-3-270m,0.27,640,0,gender,640,1.0,0.008285
gemma-3-270m,0.27,640,0,gender,32,1.0,0.002036
gemma-3-270m,0.27,640,0,gender,64,1.0,0.003594
gemma-3-270m,0.27,640,0,gender,128,1.0,0.004537
gemma-3-270m,0.27,640,0,gender,256,1.0,0.005473
gemma-3-270m,0.27,640,0,gender,512,1.0,0.006307
gemma-3-270m,0.27,640,12,age_bin,640,1.0,0.018634
gemma-3-270m,0.27,640,12,age_bin,32,1.0,-0.034481
gemma-3-270m,0.27,640,12,age_bin,64,1.0,-0.030541
gemma-3-270m,0.27,640,12,age_bin,128,1.0,-0.026258
gemma-3-270m,0.27,640,12,age_bin,256,1.0,-0.014427
gemma-3-270m,0.27,640,12,age_bin,512,1.0,0.002261
gemma-3-270m,0.27,640,12,gender,640,1.0,0.06165
gemma-3-270m,0.27,640,12,gender,32,1.0,0.012285
gemma-3-270m,0.27,640,12,gender,64,1.0,0.016407
gemma-3-270m,0.27,640,12,gender,128,1.0,0.021561
gemma-3-270m,0.27,640,12,gender,256,1.0,0.030585
gemma-3-270m,0.27,640,12,gender,512,1.0,0.043589
gemma-3-270m,0.27,640,16,age_bin,640,1.0,0.051212
gemma-3-270m,0.27,640,16,age_bin,32,1.0,-0.016859
gemma-3-270m,0.27,640,16,age_bin,64,1.0,-0.011429
gemma-3-270m,0.27,640,16,age_bin,128,1.0,-0.004303
gemma-3-270m,0.27,640,16,age_bin,256,1.0,0.005605
gemma-3-270m,0.27,640,16,age_bin,512,1.0,0.017099
gemma-3-270m,0.27,640,16,gender,640,1.0,0.093584
gemma-3-270m,0.27,640,16,gender,32,1.0,0.031022
gemma-3-270m,0.27,640,16,gender,64,1.0,0.034345
gemma-3-270m,0.27,640,16,gender,128,1.0,0.040849
gemma-3-270m,0.27,640,16,gender,256,1.0,0.049637
gemma-3-270m,0.27,640,16,gender,512,1.0,0.059692
gemma-3-270m,0.27,640,18,age_bin,640,1.0,0.06146
gemma-3-270m,0.27,640,18,age_bin,32,1.0,-0.00834
gemma-3-270m,0.27,640,18,age_bin,64,1.0,0.003477
gemma-3-270m,0.27,640,18,age_bin,128,1.0,0.010701
gemma-3-270m,0.27,640,18,age_bin,256,1.0,0.017309
gemma-3-270m,0.27,640,18,age_bin,512,1.0,0.024665
gemma-3-270m,0.27,640,18,gender,640,1.0,0.105934
gemma-3-270m,0.27,640,18,gender,32,1.0,0.044699
gemma-3-270m,0.27,640,18,gender,64,1.0,0.053538
gemma-3-270m,0.27,640,18,gender,128,1.0,0.058097
gemma-3-270m,0.27,640,18,gender,256,1.0,0.062318
gemma-3-270m,0.27,640,18,gender,512,1.0,0.067417
gemma-3-270m,0.27,640,4,age_bin,640,1.0,-0.022988
gemma-3-270m,0.27,640,4,age_bin,32,1.0,-0.047278
gemma-3-270m,0.27,640,4,age_bin,64,1.0,-0.045617
gemma-3-270m,0.27,640,4,age_bin,128,1.0,-0.042203
gemma-3-270m,0.27,640,4,age_bin,256,1.0,-0.033086
gemma-3-270m,0.27,640,4,age_bin,512,1.0,-0.023262
gemma-3-270m,0.27,640,4,gender,640,1.0,0.023168
gemma-3-270m,0.27,640,4,gender,32,1.0,0.002476
gemma-3-270m,0.27,640,4,gender,64,1.0,0.003191
gemma-3-270m,0.27,640,4,gender,128,1.0,0.005517
gemma-3-270m,0.27,640,4,gender,256,1.0,0.013771
gemma-3-270m,0.27,640,4,gender,512,1.0,0.024216
gemma-3-270m,0.27,640,8,age_bin,640,1.0,0.015322
gemma-3-270m,0.27,640,8,age_bin,32,1.0,-0.045876
gemma-3-270m,0.27,640,8,age_bin,64,1.0,-0.041342
gemma-3-270m,0.27,640,8,age_bin,128,1.0,-0.032964
gemma-3-270m,0.27,640,8,age_bin,256,1.0,-0.014161
gemma-3-270m,0.27,640,8,age_bin,512,1.0,0.001612
gemma-3-270m,0.27,640,8,gender,640,1.0,0.054735
gemma-3-270m,0.27,640,8,gender,32,1.0,0.003808
gemma-3-270m,0.27,640,8,gender,64,1.0,0.006222
gemma-3-270m,0.27,640,8,gender,128,1.0,0.013378
gemma-3-270m,0.27,640,8,gender,256,1.0,0.027336
gemma-3-270m,0.27,640,8,gender,512,1.0,0.042283
gemma-3-4b-pt,4.0,2560,0,age_bin,2560,1.0,-0.036873
gemma-3-4b-pt,4.0,2560,0,age_bin,32,1.0,-0.047757
gemma-3-4b-pt,4.0,2560,0,age_bin,64,1.0,-0.04608
gemma-3-4b-pt,4.0,2560,0,age_bin,128,1.0,-0.044385
gemma-3-4b-pt,4.0,2560,0,age_bin,256,1.0,-0.042906
gemma-3-4b-pt,4.0,2560,0,age_bin,512,1.0,-0.0419
gemma-3-4b-pt,4.0,2560,0,gender,2560,1.0,0.010842
gemma-3-4b-pt,4.0,2560,0,gender,32,1.0,0.002151
gemma-3-4b-pt,4.0,2560,0,gender,64,1.0,0.003293
gemma-3-4b-pt,4.0,2560,0,gender,128,1.0,0.004516
gemma-3-4b-pt,4.0,2560,0,gender,256,1.0,0.005653
gemma-3-4b-pt,4.0,2560,0,gender,512,1.0,0.006302
gemma-3-4b-pt,4.0,2560,12,age_bin,2560,1.0,0.116969
gemma-3-4b-pt,4.0,2560,12,age_bin,32,1.0,-0.018091
gemma-3-4b-pt,4.0,2560,12,age_bin,64,1.0,0.0008
gemma-3-4b-pt,4.0,2560,12,age_bin,128,1.0,0.011134
gemma-3-4b-pt,4.0,2560,12,age_bin,256,1.0,0.026661
gemma-3-4b-pt,4.0,2560,12,age_bin,512,1.0,0.042111
gemma-3-4b-pt,4.0,2560,12,gender,2560,1.0,0.141106
gemma-3-4b-pt,4.0,2560,12,gender,32,1.0,0.031557
gemma-3-4b-pt,4.0,2560,12,gender,64,1.0,0.037606
gemma-3-4b-pt,4.0,2560,12,gender,128,1.0,0.044956
gemma-3-4b-pt,4.0,2560,12,gender,256,1.0,0.062884
gemma-3-4b-pt,4.0,2560,12,gender,512,1.0,0.084537
gemma-3-4b-pt,4.0,2560,16,age_bin,2560,1.0,0.103011
gemma-3-4b-pt,4.0,2560,16,age_bin,32,1.0,-0.016866
gemma-3-4b-pt,4.0,2560,16,age_bin,64,1.0,0.001325
gemma-3-4b-pt,4.0,2560,16,age_bin,128,1.0,0.013525
gemma-3-4b-pt,4.0,2560,16,age_bin,256,1.0,0.025209
gemma-3-4b-pt,4.0,2560,16,age_bin,512,1.0,0.036803
gemma-3-4b-pt,4.0,2560,16,gender,2560,1.0,0.135876
gemma-3-4b-pt,4.0,2560,16,gender,32,1.0,0.034077
gemma-3-4b-pt,4.0,2560,16,gender,64,1.0,0.04439
gemma-3-4b-pt,4.0,2560,16,gender,128,1.0,0.054133
gemma-3-4b-pt,4.0,2560,16,gender,256,1.0,0.071234
gemma-3-4b-pt,4.0,2560,16,gender,512,1.0,0.083391
gemma-3-4b-pt,4.0,2560,20,age_bin,2560,1.0,0.165303
gemma-3-4b-pt,4.0,2560,20,age_bin,32,1.0,0.015657
gemma-3-4b-pt,4.0,2560,20,age_bin,64,1.0,0.033869
gemma-3-4b-pt,4.0,2560,20,age_bin,128,1.0,0.049025
gemma-3-4b-pt,4.0,2560,20,age_bin,256,1.0,0.062482
gemma-3-4b-pt,4.0,2560,20,age_bin,512,1.0,0.074083
gemma-3-4b-pt,4.0,2560,20,gender,2560,1.0,0.199937
gemma-3-4b-pt,4.0,2560,20,gender,32,1.0,0.038597
gemma-3-4b-pt,4.0,2560,20,gender,64,1.0,0.062021
gemma-3-4b-pt,4.0,2560,20,gender,128,1.0,0.091754
gemma-3-4b-pt,4.0,2560,20,gender,256,1.0,0.110026
gemma-3-4b-pt,4.0,2560,20,gender,512,1.0,0.125631
gemma-3-4b-pt,4.0,2560,24,age_bin,2560,1.0,0.148295
gemma-3-4b-pt,4.0,2560,24,age_bin,32,1.0,0.004154
gemma-3-4b-pt,4.0,2560,24,age_bin,64,1.0,0.018296
gemma-3-4b-pt,4.0,2560,24,age_bin,128,1.0,0.035882
gemma-3-4b-pt,4.0,2560,24,age_bin,256,1.0,0.050841
gemma-3-4b-pt,4.0,2560,24,age_bin,512,1.0,0.064119
gemma-3-4b-pt,4.0,2560,24,gender,2560,1.0,0.167253
gemma-3-4b-pt,4.0,2560,24,gender,32,1.0,0.032854
gemma-3-4b-pt,4.0,2560,24,gender,64,1.0,0.043693
gemma-3-4b-pt,4.0,2560,24,gender,128,1.0,0.061743
gemma-3-4b-pt,4.0,2560,24,gender,256,1.0,0.082859
gemma-3-4b-pt,4.0,2560,24,gender,512,1.0,0.09992
gemma-3-4b-pt,4.0,2560,28,age_bin,2560,1.0,0.170954
gemma-3-4b-pt,4.0,2560,28,age_bin,32,1.0,0.012508
gemma-3-4b-pt,4.0,2560,28,age_bin,64,1.0,0.034424
gemma-3-4b-pt,4.0,2560,28,age_bin,128,1.0,0.049801
gemma-3-4b-pt,4.0,2560,28,age_bin,256,1.0,0.062796
gemma-3-4b-pt,4.0,2560,28,age_bin,512,1.0,0.072234
gemma-3-4b-pt,4.0,2560,28,gender,2560,1.0,0.190827
gemma-3-4b-pt,4.0,2560,28,gender,32,1.0,0.042121
gemma-3-4b-pt,4.0,2560,28,gender,64,1.0,0.063235
gemma-3-4b-pt,4.0,2560,28,gender,128,1.0,0.079496
gemma-3-4b-pt,4.0,2560,28,gender,256,1.0,0.095803
gemma-3-4b-pt,4.0,2560,28,gender,512,1.0,0.107939
gemma-3-4b-pt,4.0,2560,32,age_bin,2560,1.0,0.176388
gemma-3-4b-pt,4.0,2560,32,age_bin,32,1.0,0.01155
gemma-3-4b-pt,4.0,2560,32,age_bin,64,1.0,0.03642
gemma-3-4b-pt,4.0,2560,32,age_bin,128,1.0,0.050881
gemma-3-4b-pt,4.0,2560,32,age_bin,256,1.0,0.06306
gemma-3-4b-pt,4.0,2560,32,age_bin,512,1.0,0.073997
gemma-3-4b-pt,4.0,2560,32,gender,2560,1.0,0.191323
gemma-3-4b-pt,4.0,2560,32,gender,32,1.0,0.042405
gemma-3-4b-pt,4.0,2560,32,gender,64,1.0,0.06284
gemma-3-4b-pt,4.0,2560,32,gender,128,1.0,0.079075
gemma-3-4b-pt,4.0,2560,32,gender,256,1.0,0.092299
gemma-3-4b-pt,4.0,2560,32,gender,512,1.0,0.104575
gemma-3-4b-pt,4.0,2560,34,age_bin,2560,1.0,0.179715
gemma-3-4b-pt,4.0,2560,34,age_bin,32,1.0,0.011066
gemma-3-4b-pt,4.0,2560,34,age_bin,64,1.0,0.038353
gemma-3-4b-pt,4.0,2560,34,age_bin,128,1.0,0.05556
gemma-3-4b-pt,4.0,2560,34,age_bin,256,1.0,0.067909
gemma-3-4b-pt,4.0,2560,34,age_bin,512,1.0,0.078878
gemma-3-4b-pt,4.0,2560,34,gender,2560,1.0,0.198268
gemma-3-4b-pt,4.0,2560,34,gender,32,1.0,0.057558
gemma-3-4b-pt,4.0,2560,34,gender,64,1.0,0.075424
gemma-3-4b-pt,4.0,2560,34,gender,128,1.0,0.090621
gemma-3-4b-pt,4.0,2560,34,gender,256,1.0,0.100385
gemma-3-4b-pt,4.0,2560,34,gender,512,1.0,0.113612
gemma-3-4b-pt,4.0,2560,4,age_bin,2560,1.0,0.034559
gemma-3-4b-pt,4.0,2560,4,age_bin,32,1.0,-0.042191
gemma-3-4b-pt,4.0,2560,4,age_bin,64,1.0,-0.041192
gemma-3-4b-pt,4.0,2560,4,age_bin,128,1.0,-0.039765
gemma-3-4b-pt,4.0,2560,4,age_bin,256,1.0,-0.026944
gemma-3-4b-pt,4.0,2560,4,age_bin,512,1.0,-0.001134
gemma-3-4b-pt,4.0,2560,4,gender,2560,1.0,0.070889
gemma-3-4b-pt,4.0,2560,4,gender,32,1.0,0.005955
gemma-3-4b-pt,4.0,2560,4,gender,64,1.0,0.006824
gemma-3-4b-pt,4.0,2560,4,gender,128,1.0,0.008102
gemma-3-4b-pt,4.0,2560,4,gender,256,1.0,0.016604
gemma-3-4b-pt,4.0,2560,4,gender,512,1.0,0.040171
gemma-3-4b-pt,4.0,2560,8,age_bin,2560,1.0,0.110764
gemma-3-4b-pt,4.0,2560,8,age_bin,32,1.0,-0.035643
gemma-3-4b-pt,4.0,2560,8,age_bin,64,1.0,-0.027432
gemma-3-4b-pt,4.0,2560,8,age_bin,128,1.0,-0.01496
gemma-3-4b-pt,4.0,2560,8,age_bin,256,1.0,0.014616
gemma-3-4b-pt,4.0,2560,8,age_bin,512,1.0,0.038173
gemma-3-4b-pt,4.0,2560,8,gender,2560,1.0,0.132006
gemma-3-4b-pt,4.0,2560,8,gender,32,1.0,0.013093
gemma-3-4b-pt,4.0,2560,8,gender,64,1.0,0.019108
gemma-3-4b-pt,4.0,2560,8,gender,128,1.0,0.032572
gemma-3-4b-pt,4.0,2560,8,gender,256,1.0,0.057106
gemma-3-4b-pt,4.0,2560,8,gender,512,1.0,0.078986
pythia-14m,0.014,128,0,age_bin,128,1.0,-0.043422
pythia-14m,0.014,128,0,age_bin,32,1.0,-0.049119
pythia-14m,0.014,128,0,age_bin,64,1.0,-0.046867
pythia-14m,0.014,128,0,age_bin,128,1.0,-0.043422
pythia-14m,0.014,128,0,gender,128,1.0,0.005402
pythia-14m,0.014,128,0,gender,32,1.0,0.001419
pythia-14m,0.014,128,0,gender,64,1.0,0.002894
pythia-14m,0.014,128,0,gender,128,1.0,0.005402
pythia-14m,0.014,128,4,age_bin,128,1.0,-0.023965
pythia-14m,0.014,128,4,age_bin,32,1.0,-0.040986
pythia-14m,0.014,128,4,age_bin,64,1.0,-0.033047
pythia-14m,0.014,128,4,age_bin,128,1.0,-0.023965
pythia-14m,0.014,128,4,gender,128,1.0,0.029204
pythia-14m,0.014,128,4,gender,32,1.0,0.008662
pythia-14m,0.014,128,4,gender,64,1.0,0.018169
pythia-14m,0.014,128,4,gender,128,1.0,0.029204
pythia-14m,0.014,128,6,age_bin,128,1.0,-0.005276
pythia-14m,0.014,128,6,age_bin,32,1.0,-0.032228
pythia-14m,0.014,128,6,age_bin,64,1.0,-0.022426
pythia-14m,0.014,128,6,age_bin,128,1.0,-0.005276
pythia-14m,0.014,128,6,gender,128,1.0,0.054249
pythia-14m,0.014,128,6,gender,32,1.0,0.024521
pythia-14m,0.014,128,6,gender,64,1.0,0.040897
pythia-14m,0.014,128,6,gender,128,1.0,0.054249
pythia-160m,0.16,768,0,age_bin,768,1.0,-0.039495
pythia-160m,0.16,768,0,age_bin,32,1.0,-0.04611
pythia-160m,0.16,768,0,age_bin,64,1.0,-0.04492
pythia-160m,0.16,768,0,age_bin,128,1.0,-0.043999
pythia-160m,0.16,768,0,age_bin,256,1.0,-0.043199
pythia-160m,0.16,768,0,age_bin,512,1.0,-0.042528
pythia-160m,0.16,768,0,gender,768,1.0,0.008619
pythia-160m,0.16,768,0,gender,32,1.0,0.002851
pythia-160m,0.16,768,0,gender,64,1.0,0.004075
pythia-160m,0.16,768,0,gender,128,1.0,0.004853
pythia-160m,0.16,768,0,gender,256,1.0,0.005204
pythia-160m,0.16,768,0,gender,512,1.0,0.005682
pythia-160m,0.16,768,12,age_bin,768,1.0,0.032637
pythia-160m,0.16,768,12,age_bin,32,1.0,-0.017159
pythia-160m,0.16,768,12,age_bin,64,1.0,-0.009791
pythia-160m,0.16,768,12,age_bin,128,1.0,-0.003784
pythia-160m,0.16,768,12,age_bin,256,1.0,0.000729
pythia-160m,0.16,768,12,age_bin,512,1.0,0.005322
pythia-160m,0.16,768,12,gender,768,1.0,0.087355
pythia-160m,0.16,768,12,gender,32,1.0,0.036651
pythia-160m,0.16,768,12,gender,64,1.0,0.045589
pythia-160m,0.16,768,12,gender,128,1.0,0.048596
pythia-160m,0.16,768,12,gender,256,1.0,0.052335
pythia-160m,0.16,768,12,gender,512,1.0,0.055777
pythia-160m,0.16,768,4,age_bin,768,1.0,-0.004722
pythia-160m,0.16,768,4,age_bin,32,1.0,-0.039102
pythia-160m,0.16,768,4,age_bin,64,1.0,-0.031701
pythia-160m,0.16,768,4,age_bin,128,1.0,-0.025444
pythia-160m,0.16,768,4,age_bin,256,1.0,-0.02012
pythia-160m,0.16,768,4,age_bin,512,1.0,-0.014274
pythia-160m,0.16,768,4,gender,768,1.0,0.044859
pythia-160m,0.16,768,4,gender,32,1.0,0.01071
pythia-160m,0.16,768,4,gender,64,1.0,0.016062
pythia-160m,0.16,768,4,gender,128,1.0,0.021645
pythia-160m,0.16,768,4,gender,256,1.0,0.028577
pythia-160m,0.16,768,4,gender,512,1.0,0.036267
pythia-160m,0.16,768,8,age_bin,768,1.0,0.022208
pythia-160m,0.16,768,8,age_bin,32,1.0,-0.021223
pythia-160m,0.16,768,8,age_bin,64,1.0,-0.015411
pythia-160m,0.16,768,8,age_bin,128,1.0,-0.008409
pythia-160m,0.16,768,8,age_bin,256,1.0,-0.002032
pythia-160m,0.16,768,8,age_bin,512,1.0,0.003899
pythia-160m,0.16,768,8,gender,768,1.0,0.074461
pythia-160m,0.16,768,8,gender,32,1.0,0.031352
pythia-160m,0.16,768,8,gender,64,1.0,0.036839
pythia-160m,0.16,768,8,gender,128,1.0,0.042225
pythia-160m,0.16,768,8,gender,256,1.0,0.048545
pythia-160m,0.16,768,8,gender,512,1.0,0.054125
pythia-1b,1.0,2048,0,age_bin,2048,1.0,-0.037346
pythia-1b,1.0,2048,0,age_bin,32,1.0,-0.046792
pythia-1b,1.0,2048,0,age_bin,64,1.0,-0.044946
pythia-1b,1.0,2048,0,age_bin,128,1.0,-0.043899
pythia-1b,1.0,2048,0,age_bin,256,1.0,-0.042918
pythia-1b,1.0,2048,0,age_bin,512,1.0,-0.042035
pythia-1b,1.0,2048,0,gender,2048,1.0,0.010423
pythia-1b,1.0,2048,0,gender,32,1.0,0.002302
pythia-1b,1.0,2048,0,gender,64,1.0,0.003729
pythia-1b,1.0,2048,0,gender,128,1.0,0.004761
pythia-1b,1.0,2048,0,gender,256,1.0,0.005415
pythia-1b,1.0,2048,0,gender,512,1.0,0.005972
pythia-1b,1.0,2048,12,age_bin,2048,1.0,0.08832
pythia-1b,1.0,2048,12,age_bin,32,1.0,-0.010307
pythia-1b,1.0,2048,12,age_bin,64,1.0,-0.000427
pythia-1b,1.0,2048,12,age_bin,128,1.0,0.014439
pythia-1b,1.0,2048,12,age_bin,256,1.0,0.02297
pythia-1b,1.0,2048,12,age_bin,512,1.0,0.02979
pythia-1b,1.0,2048,12,gender,2048,1.0,0.12578
pythia-1b,1.0,2048,12,gender,32,1.0,0.034202
pythia-1b,1.0,2048,12,gender,64,1.0,0.042244
pythia-1b,1.0,2048,12,gender,128,1.0,0.054002
pythia-1b,1.0,2048,12,gender,256,1.0,0.062852
pythia-1b,1.0,2048,12,gender,512,1.0,0.071659
pythia-1b,1.0,2048,16,age_bin,2048,1.0,0.101476
pythia-1b,1.0,2048,16,age_bin,32,1.0,-0.00641
pythia-1b,1.0,2048,16,age_bin,64,1.0,0.008912
pythia-1b,1.0,2048,16,age_bin,128,1.0,0.020971
pythia-1b,1.0,2048,16,age_bin,256,1.0,0.029884
pythia-1b,1.0,2048,16,age_bin,512,1.0,0.036308
pythia-1b,1.0,2048,16,gender,2048,1.0,0.144979
pythia-1b,1.0,2048,16,gender,32,1.0,0.049752
pythia-1b,1.0,2048,16,gender,64,1.0,0.059346
pythia-1b,1.0,2048,16,gender,128,1.0,0.068111
pythia-1b,1.0,2048,16,gender,256,1.0,0.074521
pythia-1b,1.0,2048,16,gender,512,1.0,0.079901
pythia-1b,1.0,2048,4,age_bin,2048,1.0,0.018247
pythia-1b,1.0,2048,4,age_bin,32,1.0,-0.036715
pythia-1b,1.0,2048,4,age_bin,64,1.0,-0.030217
pythia-1b,1.0,2048,4,age_bin,128,1.0,-0.023201
pythia-1b,1.0,2048,4,age_bin,256,1.0,-0.016867
pythia-1b,1.0,2048,4,age_bin,512,1.0,-0.010651
pythia-1b,1.0,2048,4,gender,2048,1.0,0.073374
pythia-1b,1.0,2048,4,gender,32,1.0,0.012504
pythia-1b,1.0,2048,4,gender,64,1.0,0.017803
pythia-1b,1.0,2048,4,gender,128,1.0,0.028579
pythia-1b,1.0,2048,4,gender,256,1.0,0.03378
pythia-1b,1.0,2048,4,gender,512,1.0,0.041851
pythia-1b,1.0,2048,8,age_bin,2048,1.0,0.031442
pythia-1b,1.0,2048,8,age_bin,32,1.0,-0.029788
pythia-1b,1.0,2048,8,age_bin,64,1.0,-0.023835
pythia-1b,1.0,2048,8,age_bin,128,1.0,-0.017821
pythia-1b,1.0,2048,8,age_bin,256,1.0,-0.010829
pythia-1b,1.0,2048,8,age_bin,512,1.0,-0.00407
pythia-1b,1.0,2048,8,gender,2048,1.0,0.078956
pythia-1b,1.0,2048,8,gender,32,1.0,0.019931
pythia-1b,1.0,2048,8,gender,64,1.0,0.024331
pythia-1b,1.0,2048,8,gender,128,1.0,0.03011
pythia-1b,1.0,2048,8,gender,256,1.0,0.035896
pythia-1b,1.0,2048,8,gender,512,1.0,0.043672
pythia-31m,0.031,256,0,age_bin,256,1.0,-0.041564
pythia-31m,0.031,256,0,age_bin,32,1.0,-0.048539
pythia-31m,0.031,256,0,age_bin,64,1.0,-0.046695
pythia-31m,0.031,256,0,age_bin,128,1.0,-0.043909
pythia-31m,0.031,256,0,age_bin,256,1.0,-0.041564
pythia-31m,0.031,256,0,gender,256,1.0,0.006887
pythia-31m,0.031,256,0,gender,32,1.0,0.001826
pythia-31m,0.031,256,0,gender,64,1.0,0.003022
pythia-31m,0.031,256,0,gender,128,1.0,0.004627
pythia-31m,0.031,256,0,gender,256,1.0,0.006887
pythia-31m,0.031,256,4,age_bin,256,1.0,-0.02242
pythia-31m,0.031,256,4,age_bin,32,1.0,-0.043757
pythia-31m,0.031,256,4,age_bin,64,1.0,-0.039873
pythia-31m,0.031,256,4,age_bin,128,1.0,-0.033084
pythia-31m,0.031,256,4,age_bin,256,1.0,-0.022419
pythia-31m,0.031,256,4,gender,256,1.0,0.027413
pythia-31m,0.031,256,4,gender,32,1.0,0.005474
pythia-31m,0.031,256,4,gender,64,1.0,0.008055
pythia-31m,0.031,256,4,gender,128,1.0,0.016517
pythia-31m,0.031,256,4,gender,256,1.0,0.027413
pythia-31m,0.031,256,6,age_bin,256,1.0,0.009385
pythia-31m,0.031,256,6,age_bin,32,1.0,-0.028832
pythia-31m,0.031,256,6,age_bin,64,1.0,-0.019537
pythia-31m,0.031,256,6,age_bin,128,1.0,-0.003911
pythia-31m,0.031,256,6,age_bin,256,1.0,0.009385
pythia-31m,0.031,256,6,gender,256,1.0,0.06927
pythia-31m,0.031,256,6,gender,32,1.0,0.023082
pythia-31m,0.031,256,6,gender,64,1.0,0.034159
pythia-31m,0.031,256,6,gender,128,1.0,0.052455
pythia-31m,0.031,256,6,gender,256,1.0,0.06927
pythia-410m,0.41,1024,0,age_bin,1024,1.0,-0.038915
pythia-410m,0.41,1024,0,age_bin,32,1.0,-0.046564
pythia-410m,0.41,1024,0,age_bin,64,1.0,-0.044974
pythia-410m,0.41,1024,0,age_bin,128,1.0,-0.044045
pythia-410m,0.41,1024,0,age_bin,256,1.0,-0.043043
pythia-410m,0.41,1024,0,age_bin,512,1.0,-0.042343
pythia-410m,0.41,1024,0,gender,1024,1.0,0.009153
pythia-410m,0.41,1024,0,gender,32,1.0,0.002315
pythia-410m,0.41,1024,0,gender,64,1.0,0.003868
pythia-410m,0.41,1024,0,gender,128,1.0,0.004806
pythia-410m,0.41,1024,0,gender,256,1.0,0.005352
pythia-410m,0.41,1024,0,gender,512,1.0,0.005809
pythia-410m,0.41,1024,12,age_bin,1024,1.0,0.01257
pythia-410m,0.41,1024,12,age_bin,32,1.0,-0.030704
pythia-410m,0.41,1024,12,age_bin,64,1.0,-0.025796
pythia-410m,0.41,1024,12,age_bin,128,1.0,-0.019328
pythia-410m,0.41,1024,12,age_bin,256,1.0,-0.014283
pythia-410m,0.41,1024,12,age_bin,512,1.0,-0.00756
pythia-410m,0.41,1024,12,gender,1024,1.0,0.060131
pythia-410m,0.41,1024,12,gender,32,1.0,0.018104
pythia-410m,0.41,1024,12,gender,64,1.0,0.023006
pythia-410m,0.41,1024,12,gender,128,1.0,0.028501
pythia-410m,0.41,1024,12,gender,256,1.0,0.03343
pythia-410m,0.41,1024,12,gender,512,1.0,0.040698
pythia-410m,0.41,1024,16,age_bin,1024,1.0,0.03628
pythia-410m,0.41,1024,16,age_bin,32,1.0,-0.018115
pythia-410m,0.41,1024,16,age_bin,64,1.0,-0.01395
pythia-410m,0.41,1024,16,age_bin,128,1.0,-0.008723
pythia-410m,0.41,1024,16,age_bin,256,1.0,-0.001272
pythia-410m,0.41,1024,16,age_bin,512,1.0,0.006194
pythia-410m,0.41,1024,16,gender,1024,1.0,0.073248
pythia-410m,0.41,1024,16,gender,32,1.0,0.023105
pythia-410m,0.41,1024,16,gender,64,1.0,0.029313
pythia-410m,0.41,1024,16,gender,128,1.0,0.034759
pythia-410m,0.41,1024,16,gender,256,1.0,0.040196
pythia-410m,0.41,1024,16,gender,512,1.0,0.047697
pythia-410m,0.41,1024,20,age_bin,1024,1.0,0.05618
pythia-410m,0.41,1024,20,age_bin,32,1.0,-0.012019
pythia-410m,0.41,1024,20,age_bin,64,1.0,-0.003008
pythia-410m,0.41,1024,20,age_bin,128,1.0,0.006156
pythia-410m,0.41,1024,20,age_bin,256,1.0,0.014301
pythia-410m,0.41,1024,20,age_bin,512,1.0,0.019795
pythia-410m,0.41,1024,20,gender,1024,1.0,0.097841
pythia-410m,0.41,1024,20,gender,32,1.0,0.036788
pythia-410m,0.41,1024,20,gender,64,1.0,0.044771
pythia-410m,0.41,1024,20,gender,128,1.0,0.051269
pythia-410m,0.41,1024,20,gender,256,1.0,0.057642
pythia-410m,0.41,1024,20,gender,512,1.0,0.062733
pythia-410m,0.41,1024,24,age_bin,1024,1.0,0.0667
pythia-410m,0.41,1024,24,age_bin,32,1.0,-0.009403
pythia-410m,0.41,1024,24,age_bin,64,1.0,0.002044
pythia-410m,0.41,1024,24,age_bin,128,1.0,0.012444
pythia-410m,0.41,1024,24,age_bin,256,1.0,0.018403
pythia-410m,0.41,1024,24,age_bin,512,1.0,0.023052
pythia-410m,0.41,1024,24,gender,1024,1.0,0.11319
pythia-410m,0.41,1024,24,gender,32,1.0,0.046923
pythia-410m,0.41,1024,24,gender,64,1.0,0.053346
pythia-410m,0.41,1024,24,gender,128,1.0,0.059026
pythia-410m,0.41,1024,24,gender,256,1.0,0.063803
pythia-410m,0.41,1024,24,gender,512,1.0,0.067181
pythia-410m,0.41,1024,4,age_bin,1024,1.0,-0.005917
pythia-410m,0.41,1024,4,age_bin,32,1.0,-0.040682
pythia-410m,0.41,1024,4,age_bin,64,1.0,-0.037549
pythia-410m,0.41,1024,4,age_bin,128,1.0,-0.03078
pythia-410m,0.41,1024,4,age_bin,256,1.0,-0.024352
pythia-410m,0.41,1024,4,age_bin,512,1.0,-0.018114
pythia-410m,0.41,1024,4,gender,1024,1.0,0.055256
pythia-410m,0.41,1024,4,gender,32,1.0,0.011066
pythia-410m,0.41,1024,4,gender,64,1.0,0.017063
pythia-410m,0.41,1024,4,gender,128,1.0,0.027027
pythia-410m,0.41,1024,4,gender,256,1.0,0.033333
pythia-410m,0.41,1024,4,gender,512,1.0,0.037633
pythia-410m,0.41,1024,8,age_bin,1024,1.0,0.004589
pythia-410m,0.41,1024,8,age_bin,32,1.0,-0.037462
pythia-410m,0.41,1024,8,age_bin,64,1.0,-0.030761
pythia-410m,0.41,1024,8,age_bin,128,1.0,-0.025065
pythia-410m,0.41,1024,8,age_bin,256,1.0,-0.018492
pythia-410m,0.41,1024,8,age_bin,512,1.0,-0.011701
pythia-410m,0.41,1024,8,gender,1024,1.0,0.057214
pythia-410m,0.41,1024,8,gender,32,1.0,0.01268
pythia-410m,0.41,1024,8,gender,64,1.0,0.01872
pythia-410m,0.41,1024,8,gender,128,1.0,0.025532
pythia-410m,0.41,1024,8,gender,256,1.0,0.033098
pythia-410m,0.41,1024,8,gender,512,1.0,0.039993
pythia-70m,0.07,512,0,age_bin,512,1.0,-0.040369
pythia-70m,0.07,512,0,age_bin,32,1.0,-0.048926
pythia-70m,0.07,512,0,age_bin,64,1.0,-0.047256
pythia-70m,0.07,512,0,age_bin,128,1.0,-0.045263
pythia-70m,0.07,512,0,age_bin,256,1.0,-0.042693
pythia-70m,0.07,512,0,age_bin,512,1.0,-0.040369
pythia-70m,0.07,512,0,gender,512,1.0,0.007876
pythia-70m,0.07,512,0,gender,32,1.0,0.001047
pythia-70m,0.07,512,0,gender,64,1.0,0.00255
pythia-70m,0.07,512,0,gender,128,1.0,0.004006
pythia-70m,0.07,512,0,gender,256,1.0,0.005643
pythia-70m,0.07,512,0,gender,512,1.0,0.007876
pythia-70m,0.07,512,4,age_bin,512,1.0,0.013106
pythia-70m,0.07,512,4,age_bin,32,1.0,-0.035052
pythia-70m,0.07,512,4,age_bin,64,1.0,-0.028081
pythia-70m,0.07,512,4,age_bin,128,1.0,-0.017335
pythia-70m,0.07,512,4,age_bin,256,1.0,-0.003413
pythia-70m,0.07,512,4,age_bin,512,1.0,0.013106
pythia-70m,0.07,512,4,gender,512,1.0,0.06617
pythia-70m,0.07,512,4,gender,32,1.0,0.011227
pythia-70m,0.07,512,4,gender,64,1.0,0.01736
pythia-70m,0.07,512,4,gender,128,1.0,0.034425
pythia-70m,0.07,512,4,gender,256,1.0,0.047942
pythia-70m,0.07,512,4,gender,512,1.0,0.066171
pythia-70m,0.07,512,6,age_bin,512,1.0,0.023808
pythia-70m,0.07,512,6,age_bin,32,1.0,-0.028609
pythia-70m,0.07,512,6,age_bin,64,1.0,-0.02044
pythia-70m,0.07,512,6,age_bin,128,1.0,-0.009981
pythia-70m,0.07,512,6,age_bin,256,1.0,0.007187
pythia-70m,0.07,512,6,age_bin,512,1.0,0.023824
pythia-70m,0.07,512,6,gender,512,1.0,0.080198
pythia-70m,0.07,512,6,gender,32,1.0,0.018479
pythia-70m,0.07,512,6,gender,64,1.0,0.02953
pythia-70m,0.07,512,6,gender,128,1.0,0.046303
pythia-70m,0.07,512,6,gender,256,1.0,0.058992
pythia-70m,0.07,512,6,gender,512,1.0,0.080212
