model_name,strategy,layer,task,text_balanced_acc,macro_f1,auc_roc,bootstrap_ci_lo,bootstrap_ci_hi
Qwen/Qwen2.5-3B-Instruct,ema,0,age_bin,0.39237,0.3143,,,
Qwen/Qwen2.5-3B-Instruct,mm,0,age_bin,0.49827,0.498,,,
Qwen/Qwen2.5-3B-Instruct,ridge_0.01,0,age_bin,0.40493,0.32011,,,
Qwen/Qwen2.5-3B-Instruct,ridge_0.1,0,age_bin,0.39787,0.30808,,,
Qwen/Qwen2.5-3B-Instruct,ridge_1.0,0,age_bin,0.37438,0.26388,,,
Qwen/Qwen2.5-3B-Instruct,ridge_10.0,0,age_bin,0.33673,0.17098,,,
Qwen/Qwen2.5-3B-Instruct,ridge_100.0,0,age_bin,0.33333,0.15881,,,
Qwen/Qwen2.5-3B-Instruct,ema,0,gender,0.60621,0.60198,0.63657,,
Qwen/Qwen2.5-3B-Instruct,mm,0,gender,0.59451,0.59118,,,
Qwen/Qwen2.5-3B-Instruct,ridge_0.01,0,gender,0.61512,0.61373,,,
Qwen/Qwen2.5-3B-Instruct,ridge_0.1,0,gender,0.61283,0.61106,,,
Qwen/Qwen2.5-3B-Instruct,ridge_1.0,0,gender,0.6049,0.60092,,,
Qwen/Qwen2.5-3B-Instruct,ridge_10.0,0,gender,0.59965,0.5845,,,
Qwen/Qwen2.5-3B-Instruct,ridge_100.0,0,gender,0.51892,0.3736,,,
Qwen/Qwen2.5-3B-Instruct,ema,0,star_sign,0.07868,0.04116,,0.07582,0.08145
Qwen/Qwen2.5-3B-Instruct,mm,0,star_sign,0.09217,0.08184,,,
Qwen/Qwen2.5-3B-Instruct,ridge_0.01,0,star_sign,0.08354,0.02306,,,
Qwen/Qwen2.5-3B-Instruct,ridge_0.1,0,star_sign,0.08354,0.02305,,,
Qwen/Qwen2.5-3B-Instruct,ridge_1.0,0,star_sign,0.08333,0.02264,,,
Qwen/Qwen2.5-3B-Instruct,ridge_10.0,0,star_sign,0.08333,0.02264,,,
Qwen/Qwen2.5-3B-Instruct,ridge_100.0,0,star_sign,0.08333,0.02264,,,
Qwen/Qwen2.5-3B-Instruct,ema,4,age_bin,0.54417,0.55052,,,
Qwen/Qwen2.5-3B-Instruct,mm,4,age_bin,0.39403,0.35772,,,
Qwen/Qwen2.5-3B-Instruct,ridge_0.01,4,age_bin,0.55821,0.56349,,,
Qwen/Qwen2.5-3B-Instruct,ridge_0.1,4,age_bin,0.55119,0.55633,,,
Qwen/Qwen2.5-3B-Instruct,ridge_1.0,4,age_bin,0.52451,0.5269,,,
Qwen/Qwen2.5-3B-Instruct,ridge_10.0,4,age_bin,0.43137,0.38009,,,
Qwen/Qwen2.5-3B-Instruct,ridge_100.0,4,age_bin,0.33333,0.15881,,,
Qwen/Qwen2.5-3B-Instruct,ema,4,gender,0.62292,0.62166,0.66171,,
Qwen/Qwen2.5-3B-Instruct,mm,4,gender,0.5321,0.50893,,,
Qwen/Qwen2.5-3B-Instruct,ridge_0.01,4,gender,0.6314,0.63069,,,
Qwen/Qwen2.5-3B-Instruct,ridge_0.1,4,gender,0.62658,0.62566,,,
Qwen/Qwen2.5-3B-Instruct,ridge_1.0,4,gender,0.61457,0.61314,,,
Qwen/Qwen2.5-3B-Instruct,ridge_10.0,4,gender,0.59694,0.59254,,,
Qwen/Qwen2.5-3B-Instruct,ridge_100.0,4,gender,0.57781,0.54672,,,
Qwen/Qwen2.5-3B-Instruct,ema,4,star_sign,0.0877,0.06099,,0.08342,0.0922
Qwen/Qwen2.5-3B-Instruct,mm,4,star_sign,0.07911,0.0315,,,
Qwen/Qwen2.5-3B-Instruct,ridge_0.01,4,star_sign,0.08932,0.05472,,,
Qwen/Qwen2.5-3B-Instruct,ridge_0.1,4,star_sign,0.08997,0.05235,,,
Qwen/Qwen2.5-3B-Instruct,ridge_1.0,4,star_sign,0.0878,0.04096,,,
Qwen/Qwen2.5-3B-Instruct,ridge_10.0,4,star_sign,0.08337,0.02292,,,
Qwen/Qwen2.5-3B-Instruct,ridge_100.0,4,star_sign,0.08333,0.02264,,,
Qwen/Qwen2.5-3B-Instruct,ema,8,age_bin,0.57386,0.58083,,,
Qwen/Qwen2.5-3B-Instruct,mm,8,age_bin,0.48932,0.4737,,,
Qwen/Qwen2.5-3B-Instruct,ridge_0.01,8,age_bin,0.5828,0.58863,,,
Qwen/Qwen2.5-3B-Instruct,ridge_0.1,8,age_bin,0.5774,0.58315,,,
Qwen/Qwen2.5-3B-Instruct,ridge_1.0,8,age_bin,0.55092,0.55639,,,
Qwen/Qwen2.5-3B-Instruct,ridge_10.0,8,age_bin,0.43956,0.39201,,,
Qwen/Qwen2.5-3B-Instruct,ridge_100.0,8,age_bin,0.33333,0.15881,,,
Qwen/Qwen2.5-3B-Instruct,ema,8,gender,0.63228,0.63104,0.67822,,
Qwen/Qwen2.5-3B-Instruct,mm,8,gender,0.54707,0.52739,,,
Qwen/Qwen2.5-3B-Instruct,ridge_0.01,8,gender,0.63699,0.63618,,,
Qwen/Qwen2.5-3B-Instruct,ridge_0.1,8,gender,0.63571,0.63464,,,
Qwen/Qwen2.5-3B-Instruct,ridge_1.0,8,gender,0.61959,0.61842,,,
Qwen/Qwen2.5-3B-Instruct,ridge_10.0,8,gender,0.59999,0.5973,,,
Qwen/Qwen2.5-3B-Instruct,ridge_100.0,8,gender,0.58155,0.5583,,,
Qwen/Qwen2.5-3B-Instruct,ema,8,star_sign,0.09087,0.0696,,0.08655,0.09564
Qwen/Qwen2.5-3B-Instruct,mm,8,star_sign,0.08137,0.04382,,,
Qwen/Qwen2.5-3B-Instruct,ridge_0.01,8,star_sign,0.09274,0.05797,,,
Qwen/Qwen2.5-3B-Instruct,ridge_0.1,8,star_sign,0.0931,0.05602,,,
Qwen/Qwen2.5-3B-Instruct,ridge_1.0,8,star_sign,0.09011,0.04545,,,
Qwen/Qwen2.5-3B-Instruct,ridge_10.0,8,star_sign,0.08333,0.02269,,,
Qwen/Qwen2.5-3B-Instruct,ridge_100.0,8,star_sign,0.08333,0.02264,,,
Qwen/Qwen2.5-3B-Instruct,ema,12,age_bin,0.63845,0.64502,,,
Qwen/Qwen2.5-3B-Instruct,mm,12,age_bin,0.50188,0.50306,,,
Qwen/Qwen2.5-3B-Instruct,ridge_0.01,12,age_bin,0.65268,0.65847,,,
Qwen/Qwen2.5-3B-Instruct,ridge_0.1,12,age_bin,0.64864,0.65458,,,
Qwen/Qwen2.5-3B-Instruct,ridge_1.0,12,age_bin,0.61666,0.62292,,,
Qwen/Qwen2.5-3B-Instruct,ridge_10.0,12,age_bin,0.47076,0.42165,,,
Qwen/Qwen2.5-3B-Instruct,ridge_100.0,12,age_bin,0.33477,0.16186,,,
Qwen/Qwen2.5-3B-Instruct,ema,12,gender,0.66235,0.66037,0.72171,,
Qwen/Qwen2.5-3B-Instruct,mm,12,gender,0.56742,0.54972,,,
Qwen/Qwen2.5-3B-Instruct,ridge_0.01,12,gender,0.66603,0.66445,,,
Qwen/Qwen2.5-3B-Instruct,ridge_0.1,12,gender,0.66386,0.66203,,,
Qwen/Qwen2.5-3B-Instruct,ridge_1.0,12,gender,0.64647,0.64472,,,
Qwen/Qwen2.5-3B-Instruct,ridge_10.0,12,gender,0.62488,0.62247,,,
Qwen/Qwen2.5-3B-Instruct,ridge_100.0,12,gender,0.61424,0.60047,,,
Qwen/Qwen2.5-3B-Instruct,ema,12,star_sign,0.09396,0.07723,,0.08883,0.09921
Qwen/Qwen2.5-3B-Instruct,mm,12,star_sign,0.08241,0.05196,,,
Qwen/Qwen2.5-3B-Instruct,ridge_0.01,12,star_sign,0.08178,0.06199,,,
Qwen/Qwen2.5-3B-Instruct,ridge_0.1,12,star_sign,0.08566,0.06157,,,
Qwen/Qwen2.5-3B-Instruct,ridge_1.0,12,star_sign,0.08813,0.04635,,,
Qwen/Qwen2.5-3B-Instruct,ridge_10.0,12,star_sign,0.08413,0.02424,,,
Qwen/Qwen2.5-3B-Instruct,ridge_100.0,12,star_sign,0.08333,0.02264,,,
Qwen/Qwen2.5-3B-Instruct,ema,16,age_bin,0.64717,0.65343,,,
Qwen/Qwen2.5-3B-Instruct,mm,16,age_bin,0.49511,0.4953,,,
Qwen/Qwen2.5-3B-Instruct,ridge_0.01,16,age_bin,0.65732,0.66302,,,
Qwen/Qwen2.5-3B-Instruct,ridge_0.1,16,age_bin,0.65156,0.65763,,,
Qwen/Qwen2.5-3B-Instruct,ridge_1.0,16,age_bin,0.61992,0.62633,,,
Qwen/Qwen2.5-3B-Instruct,ridge_10.0,16,age_bin,0.46352,0.4138,,,
Qwen/Qwen2.5-3B-Instruct,ridge_100.0,16,age_bin,0.33464,0.16197,,,
Qwen/Qwen2.5-3B-Instruct,ema,16,gender,0.6667,0.66451,0.72959,,
Qwen/Qwen2.5-3B-Instruct,mm,16,gender,0.57923,0.56795,,,
Qwen/Qwen2.5-3B-Instruct,ridge_0.01,16,gender,0.67239,0.67061,,,
Qwen/Qwen2.5-3B-Instruct,ridge_0.1,16,gender,0.66952,0.66756,,,
Qwen/Qwen2.5-3B-Instruct,ridge_1.0,16,gender,0.6466,0.64459,,,
Qwen/Qwen2.5-3B-Instruct,ridge_10.0,16,gender,0.61673,0.614,,,
Qwen/Qwen2.5-3B-Instruct,ridge_100.0,16,gender,0.60218,0.58835,,,
Qwen/Qwen2.5-3B-Instruct,ema,16,star_sign,0.09385,0.08378,,0.08892,0.09915
Qwen/Qwen2.5-3B-Instruct,mm,16,star_sign,0.0841,0.0579,,,
Qwen/Qwen2.5-3B-Instruct,ridge_0.01,16,star_sign,0.08396,0.0652,,,
Qwen/Qwen2.5-3B-Instruct,ridge_0.1,16,star_sign,0.08453,0.06228,,,
Qwen/Qwen2.5-3B-Instruct,ridge_1.0,16,star_sign,0.08778,0.04912,,,
Qwen/Qwen2.5-3B-Instruct,ridge_10.0,16,star_sign,0.08333,0.02265,,,
Qwen/Qwen2.5-3B-Instruct,ridge_100.0,16,star_sign,0.08333,0.02264,,,
Qwen/Qwen2.5-3B-Instruct,ema,20,age_bin,0.63531,0.64208,,,
Qwen/Qwen2.5-3B-Instruct,mm,20,age_bin,0.51454,0.51444,,,
Qwen/Qwen2.5-3B-Instruct,ridge_0.01,20,age_bin,0.65192,0.65767,,,
Qwen/Qwen2.5-3B-Instruct,ridge_0.1,20,age_bin,0.644,0.65015,,,
Qwen/Qwen2.5-3B-Instruct,ridge_1.0,20,age_bin,0.6081,0.61458,,,
Qwen/Qwen2.5-3B-Instruct,ridge_10.0,20,age_bin,0.45215,0.39787,,,
Qwen/Qwen2.5-3B-Instruct,ridge_100.0,20,age_bin,0.33612,0.16563,,,
Qwen/Qwen2.5-3B-Instruct,ema,20,gender,0.66356,0.66157,0.72933,,
Qwen/Qwen2.5-3B-Instruct,mm,20,gender,0.58242,0.56864,,,
Qwen/Qwen2.5-3B-Instruct,ridge_0.01,20,gender,0.6754,0.67391,,,
Qwen/Qwen2.5-3B-Instruct,ridge_0.1,20,gender,0.66757,0.66589,,,
Qwen/Qwen2.5-3B-Instruct,ridge_1.0,20,gender,0.64286,0.64097,,,
Qwen/Qwen2.5-3B-Instruct,ridge_10.0,20,gender,0.61467,0.61199,,,
Qwen/Qwen2.5-3B-Instruct,ridge_100.0,20,gender,0.59317,0.57786,,,
Qwen/Qwen2.5-3B-Instruct,ema,20,star_sign,0.09055,0.0812,,0.08539,0.09576
Qwen/Qwen2.5-3B-Instruct,mm,20,star_sign,0.08559,0.06016,,,
Qwen/Qwen2.5-3B-Instruct,ridge_0.01,20,star_sign,0.08582,0.06798,,,
Qwen/Qwen2.5-3B-Instruct,ridge_0.1,20,star_sign,0.08786,0.06645,,,
Qwen/Qwen2.5-3B-Instruct,ridge_1.0,20,star_sign,0.08996,0.05142,,,
Qwen/Qwen2.5-3B-Instruct,ridge_10.0,20,star_sign,0.08333,0.02264,,,
Qwen/Qwen2.5-3B-Instruct,ridge_100.0,20,star_sign,0.08333,0.02264,,,
Qwen/Qwen2.5-3B-Instruct,ema,24,age_bin,0.65847,0.66463,,,
Qwen/Qwen2.5-3B-Instruct,mm,24,age_bin,0.52467,0.52328,,,
Qwen/Qwen2.5-3B-Instruct,ridge_0.01,24,age_bin,0.66493,0.67024,,,
Qwen/Qwen2.5-3B-Instruct,ridge_0.1,24,age_bin,0.6601,0.66582,,,
Qwen/Qwen2.5-3B-Instruct,ridge_1.0,24,age_bin,0.63071,0.63752,,,
Qwen/Qwen2.5-3B-Instruct,ridge_10.0,24,age_bin,0.47441,0.43231,,,
Qwen/Qwen2.5-3B-Instruct,ridge_100.0,24,age_bin,0.33698,0.16779,,,
Qwen/Qwen2.5-3B-Instruct,ema,24,gender,0.67033,0.66845,0.73016,,
Qwen/Qwen2.5-3B-Instruct,mm,24,gender,0.58441,0.57156,,,
Qwen/Qwen2.5-3B-Instruct,ridge_0.01,24,gender,0.68047,0.67901,,,
Qwen/Qwen2.5-3B-Instruct,ridge_0.1,24,gender,0.67357,0.67203,,,
Qwen/Qwen2.5-3B-Instruct,ridge_1.0,24,gender,0.64925,0.64759,,,
Qwen/Qwen2.5-3B-Instruct,ridge_10.0,24,gender,0.61572,0.61318,,,
Qwen/Qwen2.5-3B-Instruct,ridge_100.0,24,gender,0.59869,0.58544,,,
Qwen/Qwen2.5-3B-Instruct,ema,24,star_sign,0.0872,0.07685,,0.08234,0.09238
Qwen/Qwen2.5-3B-Instruct,mm,24,star_sign,0.08429,0.05842,,,
Qwen/Qwen2.5-3B-Instruct,ridge_0.01,24,star_sign,0.08451,0.0644,,,
Qwen/Qwen2.5-3B-Instruct,ridge_0.1,24,star_sign,0.0862,0.06238,,,
Qwen/Qwen2.5-3B-Instruct,ridge_1.0,24,star_sign,0.09241,0.05235,,,
Qwen/Qwen2.5-3B-Instruct,ridge_10.0,24,star_sign,0.08383,0.02365,,,
Qwen/Qwen2.5-3B-Instruct,ridge_100.0,24,star_sign,0.08333,0.02264,,,
Qwen/Qwen2.5-3B-Instruct,ema,28,age_bin,0.6703,0.67556,,,
Qwen/Qwen2.5-3B-Instruct,mm,28,age_bin,0.53603,0.54031,,,
Qwen/Qwen2.5-3B-Instruct,ridge_0.01,28,age_bin,0.67108,0.67705,,,
Qwen/Qwen2.5-3B-Instruct,ridge_0.1,28,age_bin,0.67135,0.67724,,,
Qwen/Qwen2.5-3B-Instruct,ridge_1.0,28,age_bin,0.65481,0.66076,,,
Qwen/Qwen2.5-3B-Instruct,ridge_10.0,28,age_bin,0.56343,0.55659,,,
Qwen/Qwen2.5-3B-Instruct,ridge_100.0,28,age_bin,0.38204,0.26506,,,
Qwen/Qwen2.5-3B-Instruct,ema,28,gender,0.68922,0.68638,0.75524,,
Qwen/Qwen2.5-3B-Instruct,mm,28,gender,0.59831,0.58951,,,
Qwen/Qwen2.5-3B-Instruct,ridge_0.01,28,gender,0.69393,0.69145,,,
Qwen/Qwen2.5-3B-Instruct,ridge_0.1,28,gender,0.68994,0.68709,,,
Qwen/Qwen2.5-3B-Instruct,ridge_1.0,28,gender,0.67605,0.6729,,,
Qwen/Qwen2.5-3B-Instruct,ridge_10.0,28,gender,0.64028,0.637,,,
Qwen/Qwen2.5-3B-Instruct,ridge_100.0,28,gender,0.6157,0.60687,,,
Qwen/Qwen2.5-3B-Instruct,ema,28,star_sign,0.09603,0.08709,,0.09057,0.10121
Qwen/Qwen2.5-3B-Instruct,mm,28,star_sign,0.09159,0.07129,,,
Qwen/Qwen2.5-3B-Instruct,ridge_0.01,28,star_sign,0.08201,0.06911,,,
Qwen/Qwen2.5-3B-Instruct,ridge_0.1,28,star_sign,0.08159,0.06736,,,
Qwen/Qwen2.5-3B-Instruct,ridge_1.0,28,star_sign,0.08414,0.05917,,,
Qwen/Qwen2.5-3B-Instruct,ridge_10.0,28,star_sign,0.08624,0.03096,,,
Qwen/Qwen2.5-3B-Instruct,ridge_100.0,28,star_sign,0.08333,0.02264,,,
Qwen/Qwen2.5-3B-Instruct,ema,32,age_bin,0.6218,0.62219,,,
Qwen/Qwen2.5-3B-Instruct,mm,32,age_bin,0.51997,0.51388,,,
Qwen/Qwen2.5-3B-Instruct,ridge_0.01,32,age_bin,0.62072,0.62133,,,
Qwen/Qwen2.5-3B-Instruct,ridge_0.1,32,age_bin,0.61828,0.61903,,,
Qwen/Qwen2.5-3B-Instruct,ridge_1.0,32,age_bin,0.60303,0.60465,,,
Qwen/Qwen2.5-3B-Instruct,ridge_10.0,32,age_bin,0.54598,0.53826,,,
Qwen/Qwen2.5-3B-Instruct,ridge_100.0,32,age_bin,0.38764,0.27639,,,
Qwen/Qwen2.5-3B-Instruct,ema,32,gender,0.66075,0.66062,,,
Qwen/Qwen2.5-3B-Instruct,mm,32,gender,0.59373,0.59335,,,
Qwen/Qwen2.5-3B-Instruct,ridge_0.01,32,gender,0.6639,0.65904,,,
Qwen/Qwen2.5-3B-Instruct,ridge_0.1,32,gender,0.6599,0.65479,,,
Qwen/Qwen2.5-3B-Instruct,ridge_1.0,32,gender,0.64228,0.63677,,,
Qwen/Qwen2.5-3B-Instruct,ridge_10.0,32,gender,0.6193,0.61227,,,
Qwen/Qwen2.5-3B-Instruct,ridge_100.0,32,gender,0.60162,0.58634,,,
Qwen/Qwen2.5-3B-Instruct,ema,32,star_sign,0.07867,0.07485,,0.07379,0.08335
Qwen/Qwen2.5-3B-Instruct,mm,32,star_sign,0.0911,0.07452,,,
Qwen/Qwen2.5-3B-Instruct,ridge_0.01,32,star_sign,0.0745,0.06436,,,
Qwen/Qwen2.5-3B-Instruct,ridge_0.1,32,star_sign,0.07569,0.05911,,,
Qwen/Qwen2.5-3B-Instruct,ridge_1.0,32,star_sign,0.08041,0.0566,,,
Qwen/Qwen2.5-3B-Instruct,ridge_10.0,32,star_sign,0.08434,0.03735,,,
Qwen/Qwen2.5-3B-Instruct,ridge_100.0,32,star_sign,0.08215,0.02859,,,
Qwen/Qwen2.5-3B-Instruct,ema,36,age_bin,0.64112,0.64542,,,
Qwen/Qwen2.5-3B-Instruct,mm,36,age_bin,0.49836,0.48473,,,
Qwen/Qwen2.5-3B-Instruct,ridge_0.01,36,age_bin,0.65506,0.66084,,,
Qwen/Qwen2.5-3B-Instruct,ridge_0.1,36,age_bin,0.65043,0.65625,,,
Qwen/Qwen2.5-3B-Instruct,ridge_1.0,36,age_bin,0.62876,0.63429,,,
Qwen/Qwen2.5-3B-Instruct,ridge_10.0,36,age_bin,0.56189,0.56388,,,
Qwen/Qwen2.5-3B-Instruct,ridge_100.0,36,age_bin,0.41256,0.32481,,,
Qwen/Qwen2.5-3B-Instruct,ema,36,gender,0.67075,0.66908,,,
Qwen/Qwen2.5-3B-Instruct,mm,36,gender,0.60402,0.60167,,,
Qwen/Qwen2.5-3B-Instruct,ridge_0.01,36,gender,0.67621,0.67384,,,
Qwen/Qwen2.5-3B-Instruct,ridge_0.1,36,gender,0.67137,0.66895,,,
Qwen/Qwen2.5-3B-Instruct,ridge_1.0,36,gender,0.6573,0.65468,,,
Qwen/Qwen2.5-3B-Instruct,ridge_10.0,36,gender,0.63212,0.62949,,,
Qwen/Qwen2.5-3B-Instruct,ridge_100.0,36,gender,0.61169,0.60509,,,
Qwen/Qwen2.5-3B-Instruct,ema,36,star_sign,0.08888,0.08301,,0.08381,0.09454
Qwen/Qwen2.5-3B-Instruct,mm,36,star_sign,0.09303,0.08252,,,
Qwen/Qwen2.5-3B-Instruct,ridge_0.01,36,star_sign,0.07743,0.06528,,,
Qwen/Qwen2.5-3B-Instruct,ridge_0.1,36,star_sign,0.07801,0.0653,,,
Qwen/Qwen2.5-3B-Instruct,ridge_1.0,36,star_sign,0.08589,0.06126,,,
Qwen/Qwen2.5-3B-Instruct,ridge_10.0,36,star_sign,0.0871,0.04114,,,
Qwen/Qwen2.5-3B-Instruct,ridge_100.0,36,star_sign,0.08305,0.02478,,,
Qwen/Qwen2.5-3B-Instruct,multi_0.01,all,age_bin,0.67184,0.67736,,,
Qwen/Qwen2.5-3B-Instruct,multi_0.1,all,age_bin,0.66739,0.67292,,,
Qwen/Qwen2.5-3B-Instruct,multi_1.0,all,age_bin,0.64861,0.65439,,,
Qwen/Qwen2.5-3B-Instruct,multi_10.0,all,age_bin,0.58401,0.58846,,,
Qwen/Qwen2.5-3B-Instruct,multi_100.0,all,age_bin,0.41744,0.33271,,,
Qwen/Qwen2.5-3B-Instruct,multi_0.01,all,gender,0.69003,0.68814,,,
Qwen/Qwen2.5-3B-Instruct,multi_0.1,all,gender,0.68829,0.68627,,,
Qwen/Qwen2.5-3B-Instruct,multi_1.0,all,gender,0.67183,0.66987,,,
Qwen/Qwen2.5-3B-Instruct,multi_10.0,all,gender,0.63543,0.63364,,,
Qwen/Qwen2.5-3B-Instruct,multi_100.0,all,gender,0.61189,0.60793,,,
Qwen/Qwen2.5-3B-Instruct,multi_0.01,all,star_sign,0.08385,0.07152,,,
Qwen/Qwen2.5-3B-Instruct,multi_0.1,all,star_sign,0.08483,0.07046,,,
Qwen/Qwen2.5-3B-Instruct,multi_1.0,all,star_sign,0.09189,0.06825,,,
Qwen/Qwen2.5-3B-Instruct,multi_10.0,all,star_sign,0.08722,0.04187,,,
Qwen/Qwen2.5-3B-Instruct,multi_100.0,all,star_sign,0.08333,0.02264,,,
